drug_a_name,drug_b_name,cell,synergy
3385,45480520,A2058,7.693530166
3385,45480520,A2780,7.77805306
3385,45480520,A375,-1.198505438
3385,45480520,CAOV3,-5.139971221
3385,45480520,DLD1,1.935127119
3385,45480520,ES2,1.498650452
3385,45480520,HCT116,9.463280869
3385,45480520,HT144,-3.701354746
3385,45480520,HT29,10.17343391
3385,45480520,KPL1,2.157004428
3385,45480520,LOVO,-8.979213946
3385,45480520,MDAMB436,6.899259995
3385,45480520,NCIH1650,-5.996370296
3385,45480520,NCIH2122,7.890256814
3385,45480520,NCIH23,-5.042652306
3385,45480520,NCIH460,-6.611947917
3385,45480520,NCIH520,3.698834848
3385,45480520,OV90,-10.06884761
3385,45480520,RKO,-2.677587786
3385,45480520,RPMI7951,-2.17322193
3385,45480520,SKMEL30,-36.45922958
3385,45480520,SKMES1,-0.086424579
3385,45480520,SKOV3,5.077177384
3385,45480520,SW620,0.108107719
3385,45480520,SW837,-14.52310863
3385,45480520,T47D,17.48579545
3385,45480520,UACC62,-1.583963783
3385,45480520,VCAP,1.096102762
3385,45480520,ZR751,-8.675317044
3385,387447,A2058,-5.239878448
3385,387447,A2780,-18.59912622
3385,387447,A375,-2.405334783
3385,387447,CAOV3,-35.27304184
3385,387447,DLD1,5.228476756
3385,387447,ES2,-16.13012533
3385,387447,HCT116,-4.51926945
3385,387447,HT144,-14.56978258
3385,387447,HT29,-15.95161347
3385,387447,KPL1,-2.997532726
3385,387447,LOVO,-6.175982009
3385,387447,MDAMB436,-2.025565761
3385,387447,NCIH1650,-15.77870569
3385,387447,NCIH2122,-16.69626568
3385,387447,NCIH23,-9.190964586
3385,387447,NCIH460,-18.99813026
3385,387447,NCIH520,-24.06755091
3385,387447,OV90,-9.586166869
3385,387447,RKO,2.907200668
3385,387447,RPMI7951,-10.47941439
3385,387447,SKMEL30,-172.8887021
3385,387447,SKMES1,-11.64272985
3385,387447,SKOV3,-4.604893623
3385,387447,SW620,-1.907966818
3385,387447,SW837,-1.3618595
3385,387447,T47D,2.748791181
3385,387447,UACC62,-17.84185108
3385,387447,VCAP,-7.053510631
3385,387447,ZR751,-17.45137527
3385,3062316,A2058,31.12564418
3385,3062316,A2780,50.60366026
3385,3062316,A375,2.683689159
3385,3062316,CAOV3,17.87983173
3385,3062316,DLD1,21.43309088
3385,3062316,ES2,17.69019535
3385,3062316,HCT116,-7.819271786
3385,3062316,HT144,-22.97327812
3385,3062316,HT29,17.06698076
3385,3062316,KPL1,3.446811911
3385,3062316,LOVO,21.38558819
3385,3062316,MDAMB436,18.71869688
3385,3062316,NCIH1650,23.23497071
3385,3062316,NCIH2122,-31.1947196
3385,3062316,NCIH23,11.55914675
3385,3062316,NCIH460,21.6687261
3385,3062316,NCIH520,42.73505144
3385,3062316,OV90,0.433034774
3385,3062316,RKO,17.31163283
3385,3062316,RPMI7951,19.06355103
3385,3062316,SKMEL30,-4.618694814
3385,3062316,SKMES1,2.981820492
3385,3062316,SKOV3,1.304656068
3385,3062316,SW620,30.44463084
3385,3062316,SW837,15.87733689
3385,3062316,T47D,18.86560141
3385,3062316,UACC62,12.12396034
3385,3062316,VCAP,21.45572644
3385,3062316,ZR751,5.114279433
3385,176870,A2058,9.694285755
3385,176870,A2780,16.5693311
3385,176870,A375,13.96439243
3385,176870,CAOV3,-7.951635169
3385,176870,DLD1,10.18127129
3385,176870,ES2,15.1231625
3385,176870,HCT116,14.45297793
3385,176870,HT144,9.559453271
3385,176870,HT29,11.33747162
3385,176870,KPL1,-3.015273458
3385,176870,LOVO,12.41733168
3385,176870,MDAMB436,16.1498979
3385,176870,NCIH1650,0.92478625
3385,176870,NCIH2122,24.45497683
3385,176870,NCIH23,6.37341014
3385,176870,NCIH460,17.22484698
3385,176870,NCIH520,7.235758199
3385,176870,OV90,-11.04004585
3385,176870,RKO,20.98757258
3385,176870,RPMI7951,17.00484175
3385,176870,SKMEL30,13.95488386
3385,176870,SKMES1,21.28942476
3385,176870,SKOV3,16.21061763
3385,176870,SW620,0.494890451
3385,176870,SW837,17.29938762
3385,176870,T47D,-3.049710368
3385,176870,UACC62,17.96898601
3385,176870,VCAP,24.41379314
3385,176870,ZR751,22.8306176
3385,5288382,A2058,7.376709238
3385,5288382,A2780,0.911963942
3385,5288382,A375,7.160975098
3385,5288382,CAOV3,-12.98670671
3385,5288382,DLD1,2.433895807
3385,5288382,ES2,-5.25702499
3385,5288382,HCT116,2.916663442
3385,5288382,HT144,5.372215888
3385,5288382,HT29,-3.946071269
3385,5288382,KPL1,2.330576841
3385,5288382,LOVO,-6.353136659
3385,5288382,MDAMB436,5.799105229
3385,5288382,NCIH1650,-6.752269383
3385,5288382,NCIH2122,-2.692734853
3385,5288382,NCIH23,-9.33481084
3385,5288382,NCIH460,-2.446804514
3385,5288382,NCIH520,3.513037679
3385,5288382,OV90,0.284508898
3385,5288382,RKO,5.246180398
3385,5288382,RPMI7951,-8.084247184
3385,5288382,SKMEL30,-80.63896867
3385,5288382,SKMES1,2.703605277
3385,5288382,SKOV3,-9.188164195
3385,5288382,SW620,-2.851271236
3385,5288382,SW837,-10.01418099
3385,5288382,T47D,30.67999441
3385,5288382,UACC62,-1.345401011
3385,5288382,VCAP,14.04451922
3385,5288382,ZR751,-15.00928456
3385,208908,A2058,9.192138149
3385,208908,A2780,8.011124809
3385,208908,A375,7.497787303
3385,208908,CAOV3,-6.77752803
3385,208908,DLD1,11.55462668
3385,208908,ES2,5.344512472
3385,208908,HCT116,9.688038389
3385,208908,HT144,4.670574992
3385,208908,HT29,4.533085635
3385,208908,KPL1,-9.537311313
3385,208908,LOVO,17.4905864
3385,208908,MDAMB436,3.644635579
3385,208908,NCIH1650,0.905817371
3385,208908,NCIH2122,9.956195978
3385,208908,NCIH23,-8.734799525
3385,208908,NCIH460,-2.035012581
3385,208908,NCIH520,-7.263521908
3385,208908,OV90,-9.295070254
3385,208908,RKO,11.54453602
3385,208908,RPMI7951,3.318764866
3385,208908,SKMEL30,9.483503745
3385,208908,SKMES1,11.05964102
3385,208908,SKOV3,7.118783779
3385,208908,SW620,-2.41819166
3385,208908,SW837,6.956325429
3385,208908,T47D,14.90928278
3385,208908,UACC62,9.119946303
3385,208908,VCAP,10.63255814
3385,208908,ZR751,14.67630666
3385,216239,A2058,1.487456177
3385,216239,A2780,2.077318362
3385,216239,A375,1.312446684
3385,216239,CAOV3,-16.67220342
3385,216239,DLD1,6.320510556
3385,216239,ES2,0.126680077
3385,216239,HCT116,-1.955025391
3385,216239,HT144,4.459502599
3385,216239,HT29,-3.551610833
3385,216239,KPL1,-5.046283575
3385,216239,LOVO,-13.81534377
3385,216239,MDAMB436,-4.304317076
3385,216239,NCIH1650,-2.500149835
3385,216239,NCIH2122,-3.768823231
3385,216239,NCIH23,-1.286810998
3385,216239,NCIH460,-0.895637539
3385,216239,NCIH520,5.28680143
3385,216239,OV90,2.416837201
3385,216239,RKO,1.883583913
3385,216239,RPMI7951,-5.041472651
3385,216239,SKMEL30,2.120028283
3385,216239,SKMES1,0.28515445
3385,216239,SKOV3,10.2363359
3385,216239,SW620,0.574152697
3385,216239,SW837,-8.60896251
3385,216239,T47D,-4.531377558
3385,216239,UACC62,0.326449314
3385,216239,VCAP,1.444307744
3385,216239,ZR751,-11.36179266
3385,5329102,A2058,9.621620126
3385,5329102,A2780,9.700986375
3385,5329102,A375,7.351048597
3385,5329102,CAOV3,5.092136253
3385,5329102,DLD1,10.90526109
3385,5329102,ES2,14.41382075
3385,5329102,HCT116,7.332783493
3385,5329102,HT144,4.677389118
3385,5329102,HT29,3.379046398
3385,5329102,KPL1,7.229487797
3385,5329102,LOVO,2.082310176
3385,5329102,MDAMB436,5.231389265
3385,5329102,NCIH1650,4.374037921
3385,5329102,NCIH2122,5.838627875
3385,5329102,NCIH23,3.141670668
3385,5329102,NCIH460,7.129324107
3385,5329102,NCIH520,5.810341082
3385,5329102,OV90,3.664358548
3385,5329102,RKO,7.996355114
3385,5329102,RPMI7951,-1.343261089
3385,5329102,SKMEL30,3.667165234
3385,5329102,SKMES1,11.90261481
3385,5329102,SKOV3,18.2643848
3385,5329102,SW620,6.859498039
3385,5329102,SW837,-4.901836837
3385,5329102,T47D,8.941154332
3385,5329102,UACC62,8.795687473
3385,5329102,VCAP,12.48379896
3385,5329102,ZR751,6.169627433
3385,5311,A2058,-5.508119589
3385,5311,A2780,-3.848401273
3385,5311,A375,0.369467134
3385,5311,CAOV3,-3.518537503
3385,5311,DLD1,0.049805671
3385,5311,ES2,-1.689816761
3385,5311,HCT116,-8.735905545
3385,5311,HT144,-4.394725666
3385,5311,HT29,-1.42768389
3385,5311,KPL1,-4.343384834
3385,5311,LOVO,-8.398048463
3385,5311,MDAMB436,4.86044214
3385,5311,NCIH1650,0.631303772
3385,5311,NCIH2122,10.65626958
3385,5311,NCIH23,-15.10567636
3385,5311,NCIH460,7.057218329
3385,5311,NCIH520,-7.702952771
3385,5311,OV90,-0.210268239
3385,5311,RKO,11.04834069
3385,5311,RPMI7951,-0.240638175
3385,5311,SKMEL30,-4.880397628
3385,5311,SKMES1,14.06216364
3385,5311,SKOV3,5.702955068
3385,5311,SW620,-17.22800516
3385,5311,SW837,-3.532158377
3385,5311,T47D,7.530007948
3385,5311,UACC62,3.932423451
3385,5311,VCAP,22.99565591
3385,5311,ZR751,-20.67751276
45480520,5288382,A2058,22.66972082
45480520,5288382,A2780,11.09323155
45480520,5288382,A375,11.68003927
45480520,5288382,CAOV3,16.7029633
45480520,5288382,DLD1,3.978183476
45480520,5288382,ES2,0.337882732
45480520,5288382,HCT116,22.97216302
45480520,5288382,HT144,2.985761376
45480520,5288382,HT29,-4.782981467
45480520,5288382,KPL1,15.32356048
45480520,5288382,LOVO,13.06813937
45480520,5288382,MDAMB436,17.35034091
45480520,5288382,NCIH1650,-5.261806453
45480520,5288382,NCIH2122,6.877978069
45480520,5288382,NCIH23,-6.233105646
45480520,5288382,NCIH460,-2.126961774
45480520,5288382,NCIH520,-1.957498827
45480520,5288382,OV90,-8.587738631
45480520,5288382,RKO,33.83147768
45480520,5288382,RPMI7951,0.646568958
45480520,5288382,SKMEL30,30.34189343
45480520,5288382,SKMES1,7.808516678
45480520,5288382,SKOV3,-10.74656256
45480520,5288382,SW620,-15.0026455
45480520,5288382,SW837,6.088914754
45480520,5288382,T47D,-27.25381749
45480520,5288382,UACC62,4.172844076
45480520,5288382,VCAP,10.28090348
45480520,5288382,ZR751,-17.08015794
45480520,104842,A2058,37.19755244
45480520,104842,A2780,27.44316256
45480520,104842,A375,29.45915958
45480520,104842,CAOV3,41.82261363
45480520,104842,DLD1,8.203345162
45480520,104842,ES2,4.098810775
45480520,104842,HCT116,23.42591491
45480520,104842,HT144,8.14545575
45480520,104842,HT29,9.5417494
45480520,104842,KPL1,8.552068416
45480520,104842,LOVO,-6.582623677
45480520,104842,MDAMB436,18.2214475
45480520,104842,NCIH1650,4.188074545
45480520,104842,NCIH2122,21.39044581
45480520,104842,NCIH23,16.48392844
45480520,104842,NCIH460,22.60303623
45480520,104842,NCIH520,12.92903881
45480520,104842,OV90,19.59451994
45480520,104842,RKO,30.53249026
45480520,104842,RPMI7951,23.87063157
45480520,104842,SKMEL30,29.65052395
45480520,104842,SKMES1,20.08675206
45480520,104842,SKOV3,6.263746217
45480520,104842,SW620,17.8852224
45480520,104842,SW837,7.044315501
45480520,104842,T47D,39.83231175
45480520,104842,UACC62,24.96544956
45480520,104842,VCAP,-8.532292059
45480520,104842,ZR751,-12.24364896
45480520,216239,A2058,36.19616521
45480520,216239,A2780,8.258155148
45480520,216239,A375,16.66954556
45480520,216239,CAOV3,-2.172723037
45480520,216239,DLD1,12.05900768
45480520,216239,ES2,7.062098273
45480520,216239,HCT116,11.83303853
45480520,216239,HT144,10.74108755
45480520,216239,HT29,3.777313148
45480520,216239,KPL1,4.111858838
45480520,216239,LOVO,2.735996957
45480520,216239,MDAMB436,-0.60226086
45480520,216239,NCIH1650,0.051559908
45480520,216239,NCIH2122,16.50221722
45480520,216239,NCIH23,13.68925526
45480520,216239,NCIH460,11.61299788
45480520,216239,NCIH520,13.6574206
45480520,216239,OV90,5.776490661
45480520,216239,RKO,24.38215762
45480520,216239,RPMI7951,10.40454585
45480520,216239,SKMEL30,5.7759517
45480520,216239,SKMES1,17.41794704
45480520,216239,SKOV3,14.06439559
45480520,216239,SW620,15.89637086
45480520,216239,SW837,5.935988799
45480520,216239,T47D,13.26383871
45480520,216239,UACC62,17.27990593
45480520,216239,VCAP,7.804424433
45480520,216239,ZR751,-4.469226553
45480520,60700,A2058,-1.187531198
45480520,60700,A2780,11.86213265
45480520,60700,A375,-30.05242132
45480520,60700,CAOV3,3.218307642
45480520,60700,DLD1,-10.96641065
45480520,60700,ES2,-15.16316218
45480520,60700,HCT116,-5.778504579
45480520,60700,HT144,-12.71817083
45480520,60700,HT29,-13.74201482
45480520,60700,KPL1,9.915244986
45480520,60700,LOVO,-20.57774761
45480520,60700,MDAMB436,0.824337474
45480520,60700,NCIH1650,-16.28525243
45480520,60700,NCIH2122,-5.01979887
45480520,60700,NCIH23,-13.17469848
45480520,60700,NCIH460,-35.55824357
45480520,60700,NCIH520,-3.088285265
45480520,60700,OV90,-8.185136381
45480520,60700,RKO,-12.44712596
45480520,60700,RPMI7951,-2.173326235
45480520,60700,SKMEL30,-7.161263697
45480520,60700,SKMES1,-17.67508406
45480520,60700,SKOV3,-9.215505679
45480520,60700,SW620,2.557559841
45480520,60700,SW837,-13.77537319
45480520,60700,T47D,10.2752314
45480520,60700,UACC62,-5.778245151
45480520,60700,VCAP,-16.73042364
45480520,60700,ZR751,-3.791271445
387447,45480520,A2058,7.23794769
387447,45480520,A2780,-7.797682304
387447,45480520,A375,15.1176728
387447,45480520,CAOV3,28.91084263
387447,45480520,DLD1,9.165916843
387447,45480520,ES2,-2.230632319
387447,45480520,HCT116,7.320155847
387447,45480520,HT144,-2.168953777
387447,45480520,HT29,-15.42171027
387447,45480520,KPL1,19.04739794
387447,45480520,LOVO,1.040175706
387447,45480520,MDAMB436,2.841427648
387447,45480520,NCIH1650,-11.33553539
387447,45480520,NCIH2122,15.89472332
387447,45480520,NCIH23,-1.349348796
387447,45480520,NCIH460,8.981162136
387447,45480520,NCIH520,-21.12397099
387447,45480520,OV90,5.606347083
387447,45480520,RKO,9.845917157
387447,45480520,RPMI7951,2.286421393
387447,45480520,SKMEL30,-0.891900965
387447,45480520,SKMES1,-8.558738198
387447,45480520,SKOV3,0.855119157
387447,45480520,SW620,6.598887998
387447,45480520,SW837,-11.22651581
387447,45480520,T47D,-18.76073137
387447,45480520,UACC62,-7.514837482
387447,45480520,VCAP,3.072618197
387447,45480520,ZR751,-21.03920298
387447,3062316,A2058,21.6596544
387447,3062316,A2780,27.35302788
387447,3062316,A375,24.4102755
387447,3062316,CAOV3,-2.12586358
387447,3062316,DLD1,13.46373328
387447,3062316,ES2,4.351803643
387447,3062316,HCT116,-9.217891277
387447,3062316,HT144,-13.58574463
387447,3062316,HT29,-4.76018466
387447,3062316,KPL1,28.20252476
387447,3062316,LOVO,38.26264078
387447,3062316,MDAMB436,9.452060079
387447,3062316,NCIH1650,-4.792095598
387447,3062316,NCIH2122,-44.78519575
387447,3062316,NCIH23,-203.7000358
387447,3062316,NCIH460,36.82935113
387447,3062316,NCIH520,-2.926807633
387447,3062316,OV90,-12.67982596
387447,3062316,RKO,8.023336153
387447,3062316,RPMI7951,0.375050682
387447,3062316,SKMEL30,-11.63233672
387447,3062316,SKMES1,-10.15485192
387447,3062316,SKOV3,-16.71126553
387447,3062316,SW620,20.41344681
387447,3062316,SW837,26.88470633
387447,3062316,T47D,4.145651566
387447,3062316,UACC62,-4.79626446
387447,3062316,VCAP,-6.85515238
387447,3062316,ZR751,39.53908878
387447,5288382,A2058,-12.34475241
387447,5288382,A2780,-17.02476713
387447,5288382,A375,9.453486194
387447,5288382,CAOV3,-20.85491468
387447,5288382,DLD1,-6.082900755
387447,5288382,ES2,4.4190087
387447,5288382,HCT116,-4.008197312
387447,5288382,HT144,-13.74556196
387447,5288382,HT29,-30.91418954
387447,5288382,KPL1,-13.38945178
387447,5288382,LOVO,0.984737226
387447,5288382,MDAMB436,4.84516062
387447,5288382,NCIH1650,-35.69315773
387447,5288382,NCIH2122,-25.06318521
387447,5288382,NCIH23,-41.08430335
387447,5288382,NCIH460,-19.40727362
387447,5288382,NCIH520,-56.43622674
387447,5288382,OV90,-24.82392367
387447,5288382,RKO,0.500453922
387447,5288382,RPMI7951,-8.300668844
387447,5288382,SKMEL30,-5.73759191
387447,5288382,SKMES1,-35.14950673
387447,5288382,SKOV3,-5.76096405
387447,5288382,SW620,-20.84675917
387447,5288382,SW837,-33.36509163
387447,5288382,T47D,-54.25105653
387447,5288382,UACC62,-45.52184568
387447,5288382,VCAP,-3.415464665
387447,5288382,ZR751,-65.75981373
387447,104842,A2058,28.09286244
387447,104842,A2780,-22.74125359
387447,104842,A375,26.75478809
387447,104842,CAOV3,-36.21089519
387447,104842,DLD1,5.306002845
387447,104842,ES2,-27.17578999
387447,104842,HCT116,0.252168393
387447,104842,HT144,-5.167653185
387447,104842,HT29,-22.62474929
387447,104842,KPL1,8.161700216
387447,104842,LOVO,11.5858005
387447,104842,MDAMB436,2.917109375
387447,104842,NCIH1650,-17.35480308
387447,104842,NCIH2122,-3.170624804
387447,104842,NCIH23,-7.15582119
387447,104842,NCIH460,12.90781697
387447,104842,NCIH520,-36.06637464
387447,104842,OV90,-23.92654268
387447,104842,RKO,15.17145931
387447,104842,RPMI7951,-14.95782149
387447,104842,SKMEL30,-13.02435125
387447,104842,SKMES1,-10.95026714
387447,104842,SKOV3,-11.00320161
387447,104842,SW620,-1.334621875
387447,104842,SW837,-5.738343875
387447,104842,T47D,-11.05282061
387447,104842,UACC62,-12.11596686
387447,104842,VCAP,7.500964718
387447,104842,ZR751,1.969985838
387447,216239,A2058,5.680212916
387447,216239,A2780,-9.618158337
387447,216239,A375,-1.510791697
387447,216239,CAOV3,-32.20388168
387447,216239,DLD1,-1.744798895
387447,216239,ES2,-23.74510742
387447,216239,HCT116,-4.896653257
387447,216239,HT144,-8.798393335
387447,216239,HT29,-14.24369719
387447,216239,KPL1,-5.81851023
387447,216239,LOVO,-12.18622651
387447,216239,MDAMB436,-16.92885239
387447,216239,NCIH1650,-11.89760523
387447,216239,NCIH2122,-14.79454224
387447,216239,NCIH23,-10.49909452
387447,216239,NCIH460,-5.46597089
387447,216239,NCIH520,-21.3325054
387447,216239,OV90,-12.67239461
387447,216239,RKO,-2.631282431
387447,216239,RPMI7951,-20.15788074
387447,216239,SKMEL30,-3.118219504
387447,216239,SKMES1,-18.67537574
387447,216239,SKOV3,0.950944975
387447,216239,SW620,4.095414573
387447,216239,SW837,-4.021398572
387447,216239,T47D,-6.748286209
387447,216239,UACC62,-11.40104496
387447,216239,VCAP,-20.68077486
387447,216239,ZR751,-27.04694572
387447,60700,A2058,-12.18818438
387447,60700,A2780,-2.587899735
387447,60700,A375,-52.78331514
387447,60700,CAOV3,-3.896399576
387447,60700,DLD1,9.211257173
387447,60700,ES2,-21.45833034
387447,60700,HCT116,-2.197618563
387447,60700,HT144,-5.68452805
387447,60700,HT29,-18.18157992
387447,60700,KPL1,7.565814879
387447,60700,LOVO,0.558329438
387447,60700,MDAMB436,0.990585699
387447,60700,NCIH1650,-37.35306375
387447,60700,NCIH2122,-8.776582069
387447,60700,NCIH23,-17.17711556
387447,60700,NCIH460,-33.81974983
387447,60700,NCIH520,-22.45005136
387447,60700,OV90,-12.20427248
387447,60700,RKO,-3.210901418
387447,60700,RPMI7951,-6.338895574
387447,60700,SKMEL30,-4.762114246
387447,60700,SKMES1,-28.94272555
387447,60700,SKOV3,-10.78558961
387447,60700,SW620,7.747141594
387447,60700,SW837,5.6874714
387447,60700,T47D,-0.682078892
387447,60700,UACC62,-1.498008886
387447,60700,VCAP,-13.31920317
387447,60700,ZR751,-22.41353036
3062316,45480520,A2058,15.35258512
3062316,45480520,A2780,40.28481032
3062316,45480520,A375,4.728885978
3062316,45480520,CAOV3,7.18367823
3062316,45480520,DLD1,5.496575957
3062316,45480520,ES2,4.852935588
3062316,45480520,HCT116,-20.07587466
3062316,45480520,HT144,-15.59125746
3062316,45480520,HT29,4.937883616
3062316,45480520,KPL1,8.05042192
3062316,45480520,LOVO,28.27503441
3062316,45480520,MDAMB436,13.65420466
3062316,45480520,NCIH1650,25.04861151
3062316,45480520,NCIH2122,-46.36721793
3062316,45480520,NCIH23,1.820827482
3062316,45480520,NCIH460,4.251314693
3062316,45480520,NCIH520,21.68497258
3062316,45480520,OV90,4.087746316
3062316,45480520,RKO,-11.54700146
3062316,45480520,RPMI7951,2.431134794
3062316,45480520,SKMEL30,-27.18860154
3062316,45480520,SKMES1,4.724399583
3062316,45480520,SKOV3,0.335806719
3062316,45480520,SW620,13.2083184
3062316,45480520,SW837,18.16777546
3062316,45480520,T47D,-14.32665176
3062316,45480520,UACC62,10.35648705
3062316,45480520,VCAP,6.752579055
3062316,45480520,ZR751,-15.68714113
3062316,5288382,A2058,-6.112381722
3062316,5288382,A2780,36.06922119
3062316,5288382,A375,47.07251276
3062316,5288382,CAOV3,-24.22489573
3062316,5288382,DLD1,21.24725352
3062316,5288382,ES2,-5.742383223
3062316,5288382,HCT116,32.12280936
3062316,5288382,HT144,-55.13889756
3062316,5288382,HT29,31.18587051
3062316,5288382,KPL1,17.99809044
3062316,5288382,LOVO,28.70070653
3062316,5288382,MDAMB436,20.09410803
3062316,5288382,NCIH1650,52.49632011
3062316,5288382,NCIH2122,-5.772702014
3062316,5288382,NCIH23,33.69553393
3062316,5288382,NCIH460,0.726565953
3062316,5288382,NCIH520,17.95904541
3062316,5288382,OV90,22.66802548
3062316,5288382,RKO,3.490053546
3062316,5288382,RPMI7951,13.04843063
3062316,5288382,SKMEL30,-22.05733284
3062316,5288382,SKMES1,32.96730514
3062316,5288382,SKOV3,4.372917095
3062316,5288382,SW620,10.25660572
3062316,5288382,SW837,31.32391017
3062316,5288382,T47D,-1.787261036
3062316,5288382,UACC62,-19.75905096
3062316,5288382,VCAP,13.36458486
3062316,5288382,ZR751,-23.64692556
3062316,104842,A2058,34.01496226
3062316,104842,A2780,74.36260912
3062316,104842,A375,29.77397006
3062316,104842,CAOV3,20.1197885
3062316,104842,DLD1,18.84633688
3062316,104842,ES2,11.76388701
3062316,104842,HCT116,0.423386881
3062316,104842,HT144,-8.464701365
3062316,104842,HT29,24.58091737
3062316,104842,KPL1,20.6107762
3062316,104842,LOVO,39.68598911
3062316,104842,MDAMB436,28.8025396
3062316,104842,NCIH1650,35.80399235
3062316,104842,NCIH2122,-29.04323059
3062316,104842,NCIH23,19.50797808
3062316,104842,NCIH460,27.16015807
3062316,104842,NCIH520,47.29077303
3062316,104842,OV90,5.789915597
3062316,104842,RKO,21.31191706
3062316,104842,RPMI7951,16.81349501
3062316,104842,SKMEL30,-11.11532941
3062316,104842,SKMES1,5.949383929
3062316,104842,SKOV3,4.814792136
3062316,104842,SW620,30.3963556
3062316,104842,SW837,36.39944491
3062316,104842,T47D,40.41995678
3062316,104842,UACC62,26.88806903
3062316,104842,VCAP,31.3949814
3062316,104842,ZR751,-4.675033726
3062316,216239,A2058,36.32943556
3062316,216239,A2780,26.18215744
3062316,216239,A375,29.90385252
3062316,216239,CAOV3,5.145601291
3062316,216239,DLD1,21.48646989
3062316,216239,ES2,14.07460185
3062316,216239,HCT116,29.67690976
3062316,216239,HT144,5.861971966
3062316,216239,HT29,22.03209424
3062316,216239,KPL1,3.052122869
3062316,216239,LOVO,12.2339626
3062316,216239,MDAMB436,14.23573511
3062316,216239,NCIH1650,23.69402051
3062316,216239,NCIH2122,9.263678505
3062316,216239,NCIH23,25.37151937
3062316,216239,NCIH460,24.97815028
3062316,216239,NCIH520,30.51259643
3062316,216239,OV90,14.91350902
3062316,216239,RKO,18.20950604
3062316,216239,RPMI7951,1.455737113
3062316,216239,SKMEL30,-17.45443374
3062316,216239,SKMES1,-5.190580664
3062316,216239,SKOV3,10.28052449
3062316,216239,SW620,26.67138283
3062316,216239,SW837,15.64219662
3062316,216239,T47D,2.901823005
3062316,216239,UACC62,12.66914528
3062316,216239,VCAP,11.41058659
3062316,216239,ZR751,21.34933153
3062316,60700,A2058,6.476481655
3062316,60700,A2780,33.44677757
3062316,60700,A375,-2.776096294
3062316,60700,CAOV3,11.10789014
3062316,60700,DLD1,-0.419867823
3062316,60700,ES2,-15.04850207
3062316,60700,HCT116,6.49431415
3062316,60700,HT144,-31.7610064
3062316,60700,HT29,6.537490517
3062316,60700,KPL1,24.71368371
3062316,60700,LOVO,27.20024806
3062316,60700,MDAMB436,-1.463668701
3062316,60700,NCIH1650,29.11731102
3062316,60700,NCIH2122,-29.80506527
3062316,60700,NCIH23,-14.48832753
3062316,60700,NCIH460,-27.42383273
3062316,60700,NCIH520,62.19001366
3062316,60700,OV90,9.580485859
3062316,60700,RKO,19.98524841
3062316,60700,RPMI7951,1.709941619
3062316,60700,SKMEL30,-18.64284517
3062316,60700,SKMES1,-19.58670156
3062316,60700,SKOV3,2.199262074
3062316,60700,SW620,51.34207805
3062316,60700,SW837,22.827985
3062316,60700,T47D,8.719912898
3062316,60700,UACC62,-13.96532217
3062316,60700,VCAP,7.104908686
3062316,60700,ZR751,-0.046731686
5743,45480520,A2058,-14.70238461
5743,45480520,A2780,5.327418713
5743,45480520,A375,-0.525281681
5743,45480520,CAOV3,-0.872017414
5743,45480520,DLD1,0.641558746
5743,45480520,ES2,-17.42255208
5743,45480520,HCT116,1.951834494
5743,45480520,HT144,-8.983198097
5743,45480520,HT29,-1.02249677
5743,45480520,KPL1,6.408393853
5743,45480520,LOVO,-5.196459674
5743,45480520,MDAMB436,0.719903614
5743,45480520,NCIH1650,-11.97457304
5743,45480520,NCIH2122,-3.775623773
5743,45480520,NCIH23,3.568581256
5743,45480520,NCIH460,-9.809800415
5743,45480520,NCIH520,1.937584075
5743,45480520,OV90,-11.38901128
5743,45480520,RKO,-1.010923651
5743,45480520,RPMI7951,-35.16985908
5743,45480520,SKMEL30,4.110449425
5743,45480520,SKMES1,1.156160791
5743,45480520,SKOV3,-3.43317185
5743,45480520,SW620,0.637240172
5743,45480520,SW837,-17.57839698
5743,45480520,T47D,-13.19120927
5743,45480520,UACC62,11.45032761
5743,45480520,VCAP,-4.970995732
5743,45480520,ZR751,13.77188139
5743,387447,A2058,-1.876554642
5743,387447,A2780,-13.5476308
5743,387447,A375,19.53983026
5743,387447,CAOV3,-13.44802296
5743,387447,DLD1,11.6771235
5743,387447,ES2,-0.766384146
5743,387447,HCT116,9.526525128
5743,387447,HT144,-13.16198248
5743,387447,HT29,-15.19792114
5743,387447,KPL1,14.34511907
5743,387447,LOVO,8.38042906
5743,387447,MDAMB436,-0.823028432
5743,387447,NCIH1650,-15.48085067
5743,387447,NCIH2122,13.23498314
5743,387447,NCIH23,-2.321992868
5743,387447,NCIH460,27.17882652
5743,387447,NCIH520,-20.51845669
5743,387447,OV90,-9.782986039
5743,387447,RKO,18.82387613
5743,387447,RPMI7951,-19.65311033
5743,387447,SKMEL30,8.884595755
5743,387447,SKMES1,-11.43480359
5743,387447,SKOV3,3.520986426
5743,387447,SW620,13.03242414
5743,387447,SW837,-2.015924693
5743,387447,T47D,-9.157277118
5743,387447,UACC62,-7.679437184
5743,387447,VCAP,-0.61240083
5743,387447,ZR751,5.298862386
5743,3062316,A2058,-0.17873576
5743,3062316,A2780,19.81976601
5743,3062316,A375,38.48330291
5743,3062316,CAOV3,52.08151088
5743,3062316,DLD1,6.035833882
5743,3062316,ES2,-27.43501134
5743,3062316,HCT116,-46.19424113
5743,3062316,HT144,-35.98115982
5743,3062316,HT29,9.24353297
5743,3062316,KPL1,49.29822811
5743,3062316,LOVO,61.01399927
5743,3062316,MDAMB436,-5.903960627
5743,3062316,NCIH1650,18.35923453
5743,3062316,NCIH2122,60.52033784
5743,3062316,NCIH23,3.083911945
5743,3062316,NCIH460,-13.60867096
5743,3062316,NCIH520,28.41521007
5743,3062316,OV90,-14.00130496
5743,3062316,RKO,1.788086056
5743,3062316,RPMI7951,-23.30165857
5743,3062316,SKMEL30,-15.5409231
5743,3062316,SKMES1,59.07601127
5743,3062316,SKOV3,32.5124521
5743,3062316,SW620,7.398222743
5743,3062316,SW837,8.449442721
5743,3062316,T47D,-56.4086851
5743,3062316,UACC62,-2.482450866
5743,3062316,VCAP,-24.49171442
5743,3062316,ZR751,0.922192098
5743,176870,A2058,-18.8279417
5743,176870,A2780,-4.100159134
5743,176870,A375,-1.770837185
5743,176870,CAOV3,42.95743104
5743,176870,DLD1,6.355137572
5743,176870,ES2,-19.21052691
5743,176870,HCT116,-4.746029021
5743,176870,HT144,-21.42706708
5743,176870,HT29,4.12703723
5743,176870,KPL1,13.31386359
5743,176870,LOVO,18.49637803
5743,176870,MDAMB436,-7.729784474
5743,176870,NCIH1650,33.09442231
5743,176870,NCIH2122,52.71829456
5743,176870,NCIH23,-1.824167112
5743,176870,NCIH460,-8.783913929
5743,176870,NCIH520,-0.161442762
5743,176870,OV90,-14.43662286
5743,176870,RKO,-12.1036628
5743,176870,RPMI7951,-32.28269213
5743,176870,SKMEL30,-2.881767161
5743,176870,SKMES1,10.6860991
5743,176870,SKOV3,37.67902288
5743,176870,SW620,-7.473678042
5743,176870,SW837,15.56931326
5743,176870,T47D,-22.50252279
5743,176870,UACC62,-6.919186741
5743,176870,VCAP,-14.64932466
5743,176870,ZR751,29.72083762
5743,5288382,A2058,-0.401830321
5743,5288382,A2780,-5.672406019
5743,5288382,A375,1.43809349
5743,5288382,CAOV3,-8.423246122
5743,5288382,DLD1,6.642542505
5743,5288382,ES2,-10.66512029
5743,5288382,HCT116,3.685837482
5743,5288382,HT144,-8.684713995
5743,5288382,HT29,-6.712498727
5743,5288382,KPL1,16.83025916
5743,5288382,LOVO,2.463237142
5743,5288382,MDAMB436,11.22422761
5743,5288382,NCIH1650,0.141511919
5743,5288382,NCIH2122,-6.274372321
5743,5288382,NCIH23,-9.378163033
5743,5288382,NCIH460,3.740915007
5743,5288382,NCIH520,-6.572743304
5743,5288382,OV90,-22.2375828
5743,5288382,RKO,7.58262844
5743,5288382,RPMI7951,-18.16506912
5743,5288382,SKMEL30,7.496298517
5743,5288382,SKMES1,5.745726626
5743,5288382,SKOV3,-8.349969985
5743,5288382,SW620,-8.09245655
5743,5288382,SW837,-8.372438633
5743,5288382,T47D,-30.07927989
5743,5288382,UACC62,-1.401382359
5743,5288382,VCAP,5.049612742
5743,5288382,ZR751,-17.59747838
5743,208908,A2058,-16.23708253
5743,208908,A2780,0.367522737
5743,208908,A375,-5.107578959
5743,208908,CAOV3,50.78208204
5743,208908,DLD1,6.431139018
5743,208908,ES2,-22.31396343
5743,208908,HCT116,-1.598041764
5743,208908,HT144,-18.76719077
5743,208908,HT29,11.86955253
5743,208908,KPL1,8.319961335
5743,208908,LOVO,28.11855047
5743,208908,MDAMB436,-9.543124494
5743,208908,NCIH1650,29.08798755
5743,208908,NCIH2122,32.69391907
5743,208908,NCIH23,5.871082111
5743,208908,NCIH460,-16.75533239
5743,208908,NCIH520,3.779415388
5743,208908,OV90,-17.45420697
5743,208908,RKO,-10.0183544
5743,208908,RPMI7951,-42.24253708
5743,208908,SKMEL30,-4.610490963
5743,208908,SKMES1,15.56425173
5743,208908,SKOV3,42.19924568
5743,208908,SW620,-4.669340809
5743,208908,SW837,14.40738265
5743,208908,T47D,-44.21924557
5743,208908,UACC62,-6.612425733
5743,208908,VCAP,-29.52280562
5743,208908,ZR751,34.22696236
5743,216239,A2058,11.61901571
5743,216239,A2780,-0.5703148
5743,216239,A375,15.86655273
5743,216239,CAOV3,24.47714374
5743,216239,DLD1,14.05008888
5743,216239,ES2,5.951390891
5743,216239,HCT116,6.525992777
5743,216239,HT144,-0.354756851
5743,216239,HT29,4.298111837
5743,216239,KPL1,7.102119068
5743,216239,LOVO,5.380538143
5743,216239,MDAMB436,1.852874089
5743,216239,NCIH1650,4.103591518
5743,216239,NCIH2122,3.444270173
5743,216239,NCIH23,7.666184065
5743,216239,NCIH460,10.88632389
5743,216239,NCIH520,10.80175484
5743,216239,OV90,2.447515705
5743,216239,RKO,4.956578164
5743,216239,RPMI7951,-0.696006645
5743,216239,SKMEL30,8.158212698
5743,216239,SKMES1,11.10224155
5743,216239,SKOV3,10.19483598
5743,216239,SW620,4.937039033
5743,216239,SW837,0.377026601
5743,216239,T47D,9.223386018
5743,216239,UACC62,9.746837644
5743,216239,VCAP,-10.39016133
5743,216239,ZR751,-17.40228488
5743,5329102,A2058,9.02650146
5743,5329102,A2780,0.654091661
5743,5329102,A375,20.16357105
5743,5329102,CAOV3,14.28566063
5743,5329102,DLD1,12.51366088
5743,5329102,ES2,4.200423137
5743,5329102,HCT116,7.722811564
5743,5329102,HT144,0.881583908
5743,5329102,HT29,9.398603455
5743,5329102,KPL1,22.5183179
5743,5329102,LOVO,10.87418112
5743,5329102,MDAMB436,3.613653009
5743,5329102,NCIH1650,16.64263172
5743,5329102,NCIH2122,14.80396177
5743,5329102,NCIH23,7.642834623
5743,5329102,NCIH460,6.538523478
5743,5329102,NCIH520,13.9395735
5743,5329102,OV90,5.995643696
5743,5329102,RKO,5.347746375
5743,5329102,RPMI7951,-6.838311808
5743,5329102,SKMEL30,8.352167866
5743,5329102,SKMES1,33.92197951
5743,5329102,SKOV3,27.84233779
5743,5329102,SW620,3.773114349
5743,5329102,SW837,-1.857958757
5743,5329102,T47D,0.642971401
5743,5329102,UACC62,17.22275819
5743,5329102,VCAP,3.404617819
5743,5329102,ZR751,8.944344075
5743,5311,A2058,-12.44071418
5743,5311,A2780,5.659934802
5743,5311,A375,10.96468678
5743,5311,CAOV3,21.11872937
5743,5311,DLD1,13.77443149
5743,5311,ES2,-3.740107406
5743,5311,HCT116,3.345527975
5743,5311,HT144,-7.229792766
5743,5311,HT29,14.43658235
5743,5311,KPL1,4.880187169
5743,5311,LOVO,15.14782236
5743,5311,MDAMB436,1.586979604
5743,5311,NCIH1650,14.9523124
5743,5311,NCIH2122,4.983586636
5743,5311,NCIH23,3.372589408
5743,5311,NCIH460,6.119034351
5743,5311,NCIH520,2.108457821
5743,5311,OV90,3.628838738
5743,5311,RKO,10.74608128
5743,5311,RPMI7951,-11.631194
5743,5311,SKMEL30,14.53281206
5743,5311,SKMES1,9.333971043
5743,5311,SKOV3,9.380735959
5743,5311,SW620,8.657860878
5743,5311,SW837,2.546548673
5743,5311,T47D,-2.057246501
5743,5311,UACC62,12.22720811
5743,5311,VCAP,6.495242192
5743,5311,ZR751,5.571742766
31703,45480520,A2058,-7.85025899
31703,45480520,A2780,10.10585397
31703,45480520,A375,8.469819782
31703,45480520,CAOV3,9.125581064
31703,45480520,DLD1,-3.363130747
31703,45480520,ES2,12.82547444
31703,45480520,HCT116,5.968013828
31703,45480520,HT144,6.432351526
31703,45480520,HT29,9.970970163
31703,45480520,KPL1,-2.153656109
31703,45480520,LOVO,4.940928364
31703,45480520,MDAMB436,0.36798677
31703,45480520,NCIH1650,0.089067532
31703,45480520,NCIH2122,-6.20889926
31703,45480520,NCIH23,-1.066014263
31703,45480520,NCIH460,4.515507694
31703,45480520,NCIH520,-3.710738903
31703,45480520,OV90,-6.707802018
31703,45480520,RKO,1.889029763
31703,45480520,RPMI7951,0.648999084
31703,45480520,SKMEL30,-16.76489181
31703,45480520,SKMES1,7.406824616
31703,45480520,SKOV3,6.550595161
31703,45480520,SW620,6.146685907
31703,45480520,SW837,-5.478968633
31703,45480520,T47D,18.45688891
31703,45480520,UACC62,9.302015775
31703,45480520,VCAP,6.465862889
31703,45480520,ZR751,0.832933291
31703,387447,A2058,-6.710785962
31703,387447,A2780,-2.726155185
31703,387447,A375,-12.52496679
31703,387447,CAOV3,-15.85211812
31703,387447,DLD1,-0.059756192
31703,387447,ES2,-29.20215971
31703,387447,HCT116,-5.662637467
31703,387447,HT144,-11.24310517
31703,387447,HT29,-15.48976013
31703,387447,KPL1,-5.242772252
31703,387447,LOVO,3.783414197
31703,387447,MDAMB436,-5.178433721
31703,387447,NCIH1650,-23.04617464
31703,387447,NCIH2122,-24.85599185
31703,387447,NCIH23,-12.7654294
31703,387447,NCIH460,-6.493141965
31703,387447,NCIH520,-34.04301459
31703,387447,OV90,-24.81815616
31703,387447,RKO,-8.243010769
31703,387447,RPMI7951,-11.75971147
31703,387447,SKMEL30,-13.39101488
31703,387447,SKMES1,-19.80912814
31703,387447,SKOV3,-19.96631996
31703,387447,SW620,1.733038323
31703,387447,SW837,8.15241746
31703,387447,T47D,9.316638574
31703,387447,UACC62,-13.95935897
31703,387447,VCAP,-4.834704013
31703,387447,ZR751,-18.24064921
31703,3062316,A2058,2.442853885
31703,3062316,A2780,31.39869974
31703,3062316,A375,0.867937328
31703,3062316,CAOV3,13.72943055
31703,3062316,DLD1,11.17531248
31703,3062316,ES2,7.003981225
31703,3062316,HCT116,19.4491848
31703,3062316,HT144,-9.383591957
31703,3062316,HT29,24.2714133
31703,3062316,KPL1,29.52235794
31703,3062316,LOVO,40.48800624
31703,3062316,MDAMB436,4.296104967
31703,3062316,NCIH1650,41.57685475
31703,3062316,NCIH2122,-45.52738575
31703,3062316,NCIH23,3.810626248
31703,3062316,NCIH460,32.16283448
31703,3062316,NCIH520,37.63085438
31703,3062316,OV90,11.05204656
31703,3062316,RKO,27.20003072
31703,3062316,RPMI7951,5.293499461
31703,3062316,SKMEL30,2.63913352
31703,3062316,SKMES1,11.6918643
31703,3062316,SKOV3,9.895632405
31703,3062316,SW620,36.68571176
31703,3062316,SW837,42.52311403
31703,3062316,T47D,47.20344049
31703,3062316,UACC62,13.10650658
31703,3062316,VCAP,22.68755667
31703,3062316,ZR751,14.93048546
31703,176870,A2058,3.078529683
31703,176870,A2780,9.169322298
31703,176870,A375,-5.409191442
31703,176870,CAOV3,7.892790477
31703,176870,DLD1,-12.60457968
31703,176870,ES2,-4.488325887
31703,176870,HCT116,15.81371167
31703,176870,HT144,9.040954004
31703,176870,HT29,6.139727738
31703,176870,KPL1,4.381138486
31703,176870,LOVO,21.36506775
31703,176870,MDAMB436,-1.302458064
31703,176870,NCIH1650,11.0151241
31703,176870,NCIH2122,21.06180058
31703,176870,NCIH23,4.906909855
31703,176870,NCIH460,9.764267312
31703,176870,NCIH520,-3.824386717
31703,176870,OV90,-17.80334417
31703,176870,RKO,11.13582703
31703,176870,RPMI7951,-7.203985112
31703,176870,SKMEL30,-0.245092368
31703,176870,SKMES1,-7.58939023
31703,176870,SKOV3,-21.42793885
31703,176870,SW620,4.873495219
31703,176870,SW837,31.14249805
31703,176870,T47D,23.91141393
31703,176870,UACC62,16.17977615
31703,176870,VCAP,12.41447534
31703,176870,ZR751,22.75731903
31703,5288382,A2058,8.7563453
31703,5288382,A2780,2.697657434
31703,5288382,A375,-6.025828119
31703,5288382,CAOV3,-12.66027519
31703,5288382,DLD1,-7.33289702
31703,5288382,ES2,3.573388817
31703,5288382,HCT116,-3.996297244
31703,5288382,HT144,-2.499539768
31703,5288382,HT29,-0.73809681
31703,5288382,KPL1,-13.10003761
31703,5288382,LOVO,-8.242673892
31703,5288382,MDAMB436,-7.530098422
31703,5288382,NCIH1650,-13.40522824
31703,5288382,NCIH2122,-9.219154297
31703,5288382,NCIH23,-23.6318948
31703,5288382,NCIH460,2.856776967
31703,5288382,NCIH520,-13.93060179
31703,5288382,OV90,-7.275009999
31703,5288382,RKO,-7.962994128
31703,5288382,RPMI7951,-3.053703894
31703,5288382,SKMEL30,-4.096792214
31703,5288382,SKMES1,-10.20914689
31703,5288382,SKOV3,-7.552835087
31703,5288382,SW620,-3.807000769
31703,5288382,SW837,6.271989253
31703,5288382,T47D,6.348842544
31703,5288382,UACC62,-13.6567175
31703,5288382,VCAP,9.038323628
31703,5288382,ZR751,-5.531905167
31703,208908,A2058,6.131999815
31703,208908,A2780,9.197786316
31703,208908,A375,0.073426116
31703,208908,CAOV3,15.34282083
31703,208908,DLD1,18.10752479
31703,208908,ES2,5.681725257
31703,208908,HCT116,15.6821391
31703,208908,HT144,16.90605619
31703,208908,HT29,-3.708763509
31703,208908,KPL1,0.146400657
31703,208908,LOVO,27.36484932
31703,208908,MDAMB436,-6.329957799
31703,208908,NCIH1650,8.466612469
31703,208908,NCIH2122,5.726835919
31703,208908,NCIH23,12.68106737
31703,208908,NCIH460,7.191952438
31703,208908,NCIH520,-18.33191573
31703,208908,OV90,-19.34729439
31703,208908,RKO,12.94299615
31703,208908,RPMI7951,3.984878083
31703,208908,SKMEL30,2.569970236
31703,208908,SKMES1,4.299926769
31703,208908,SKOV3,4.529010712
31703,208908,SW620,17.54790386
31703,208908,SW837,35.1944599
31703,208908,T47D,42.3755568
31703,208908,UACC62,18.68777203
31703,208908,VCAP,9.975958268
31703,208908,ZR751,20.61489083
31703,216239,A2058,-4.862590299
31703,216239,A2780,-3.553426077
31703,216239,A375,-46.04624136
31703,216239,CAOV3,-11.89438771
31703,216239,DLD1,-6.050332538
31703,216239,ES2,-11.95953971
31703,216239,HCT116,-12.93846288
31703,216239,HT144,-4.139761502
31703,216239,HT29,-13.3605129
31703,216239,KPL1,-8.141778775
31703,216239,LOVO,-15.29786353
31703,216239,MDAMB436,-16.18892584
31703,216239,NCIH1650,-22.85367654
31703,216239,NCIH2122,-12.79070237
31703,216239,NCIH23,-13.26867902
31703,216239,NCIH460,-1.644792192
31703,216239,NCIH520,-6.61710691
31703,216239,OV90,-14.13044098
31703,216239,RKO,-12.0189401
31703,216239,RPMI7951,-16.13219697
31703,216239,SKMEL30,-5.768527904
31703,216239,SKMES1,-19.00794257
31703,216239,SKOV3,-22.50246654
31703,216239,SW620,-5.600374644
31703,216239,SW837,-17.63687925
31703,216239,T47D,-2.845453918
31703,216239,UACC62,-8.296192939
31703,216239,VCAP,-17.31329588
31703,216239,ZR751,-18.74222054
31703,5329102,A2058,-3.166045586
31703,5329102,A2780,-2.462325515
31703,5329102,A375,-31.96588485
31703,5329102,CAOV3,-2.451066553
31703,5329102,DLD1,-7.541154695
31703,5329102,ES2,-4.527319575
31703,5329102,HCT116,-8.328886761
31703,5329102,HT144,-4.610397019
31703,5329102,HT29,-7.942580167
31703,5329102,KPL1,0.015693217
31703,5329102,LOVO,-2.036964087
31703,5329102,MDAMB436,-6.431261859
31703,5329102,NCIH1650,-1.246172213
31703,5329102,NCIH2122,-4.384007835
31703,5329102,NCIH23,-15.54788956
31703,5329102,NCIH460,-1.466898108
31703,5329102,NCIH520,-10.66924847
31703,5329102,OV90,-12.69968245
31703,5329102,RKO,-9.807447258
31703,5329102,RPMI7951,-12.95040498
31703,5329102,SKMEL30,-4.046160182
31703,5329102,SKMES1,-16.63118696
31703,5329102,SKOV3,-14.38319177
31703,5329102,SW620,0.598104452
31703,5329102,SW837,-3.256295775
31703,5329102,T47D,-12.09784645
31703,5329102,UACC62,-1.840751973
31703,5329102,VCAP,-4.059515997
31703,5329102,ZR751,-6.11998313
31703,5311,A2058,4.564239416
31703,5311,A2780,1.044796642
31703,5311,A375,12.85459394
31703,5311,CAOV3,-6.281497285
31703,5311,DLD1,1.520443662
31703,5311,ES2,14.05256078
31703,5311,HCT116,-5.2901855
31703,5311,HT144,0.647246455
31703,5311,HT29,24.56828323
31703,5311,KPL1,-7.140546993
31703,5311,LOVO,9.89044371
31703,5311,MDAMB436,9.60669888
31703,5311,NCIH1650,8.300887735
31703,5311,NCIH2122,4.359704234
31703,5311,NCIH23,-2.429277099
31703,5311,NCIH460,13.40511074
31703,5311,NCIH520,-6.127481674
31703,5311,OV90,-0.036322098
31703,5311,RKO,-2.881661544
31703,5311,RPMI7951,-3.295385102
31703,5311,SKMEL30,-0.176543302
31703,5311,SKMES1,13.76353732
31703,5311,SKOV3,22.25581931
31703,5311,SW620,-2.414926132
31703,5311,SW837,3.106179341
31703,5311,T47D,22.84665169
31703,5311,UACC62,2.265366409
31703,5311,VCAP,18.61639583
31703,5311,ZR751,9.802360564
176870,45480520,A2058,9.667112966
176870,45480520,A2780,7.672118374
176870,45480520,A375,-1.887476573
176870,45480520,CAOV3,5.101697029
176870,45480520,DLD1,3.269054825
176870,45480520,ES2,-12.43349741
176870,45480520,HCT116,-3.424746588
176870,45480520,HT144,-5.994644575
176870,45480520,HT29,-11.26311941
176870,45480520,KPL1,-2.182880996
176870,45480520,LOVO,0.859202484
176870,45480520,MDAMB436,3.603506997
176870,45480520,NCIH1650,-7.117012472
176870,45480520,NCIH2122,1.002551218
176870,45480520,NCIH23,-4.735547822
176870,45480520,NCIH460,-6.515653333
176870,45480520,NCIH520,-3.76865619
176870,45480520,OV90,-13.32020911
176870,45480520,RKO,-5.955965421
176870,45480520,RPMI7951,-8.09310882
176870,45480520,SKMEL30,-1.277147404
176870,45480520,SKMES1,1.867379123
176870,45480520,SKOV3,0.805779261
176870,45480520,SW620,-11.64468066
176870,45480520,SW837,1.088154556
176870,45480520,T47D,-14.15331149
176870,45480520,UACC62,-8.248065955
176870,45480520,VCAP,-17.27573982
176870,45480520,ZR751,-1.402435654
176870,387447,A2058,-1.029009573
176870,387447,A2780,-23.08608321
176870,387447,A375,25.53971155
176870,387447,CAOV3,-18.43407369
176870,387447,DLD1,5.56940171
176870,387447,ES2,-22.64897131
176870,387447,HCT116,2.243477444
176870,387447,HT144,-16.19947167
176870,387447,HT29,-14.92795583
176870,387447,KPL1,8.452684743
176870,387447,LOVO,4.443649109
176870,387447,MDAMB436,-6.150347221
176870,387447,NCIH1650,-14.2940195
176870,387447,NCIH2122,-3.425737389
176870,387447,NCIH23,-6.601665315
176870,387447,NCIH460,5.157072525
176870,387447,NCIH520,-23.84255611
176870,387447,OV90,-10.51068817
176870,387447,RKO,12.72509864
176870,387447,RPMI7951,-16.84735374
176870,387447,SKMEL30,2.096111215
176870,387447,SKMES1,-11.42040437
176870,387447,SKOV3,-6.234852767
176870,387447,SW620,3.157810084
176870,387447,SW837,29.48258491
176870,387447,T47D,-42.70233051
176870,387447,UACC62,-20.68908184
176870,387447,VCAP,12.84897078
176870,387447,ZR751,13.7066596
176870,3062316,A2058,50.85612673
176870,3062316,A2780,55.7433202
176870,3062316,A375,4.771959354
176870,3062316,CAOV3,35.76292632
176870,3062316,DLD1,68.43284741
176870,3062316,ES2,12.7782884
176870,3062316,HCT116,-2.842623837
176870,3062316,HT144,-44.27131648
176870,3062316,HT29,26.65382131
176870,3062316,KPL1,-4.168161385
176870,3062316,LOVO,39.95268983
176870,3062316,MDAMB436,20.86509131
176870,3062316,NCIH1650,61.58695742
176870,3062316,NCIH2122,-6.547239182
176870,3062316,NCIH23,21.80651781
176870,3062316,NCIH460,10.24858768
176870,3062316,NCIH520,48.936706
176870,3062316,OV90,15.20127919
176870,3062316,RKO,11.2554584
176870,3062316,RPMI7951,20.22782323
176870,3062316,SKMEL30,-20.14259668
176870,3062316,SKMES1,55.34476194
176870,3062316,SKOV3,34.88545929
176870,3062316,SW620,31.19986694
176870,3062316,SW837,55.38902039
176870,3062316,T47D,18.30709922
176870,3062316,UACC62,30.71440017
176870,3062316,VCAP,19.84983708
176870,3062316,ZR751,-53.72833547
176870,5288382,A2058,19.85832894
176870,5288382,A2780,-0.606103969
176870,5288382,A375,36.18756156
176870,5288382,CAOV3,2.718354751
176870,5288382,DLD1,31.67965199
176870,5288382,ES2,-3.059834643
176870,5288382,HCT116,41.62495754
176870,5288382,HT144,15.66375655
176870,5288382,HT29,6.113327447
176870,5288382,KPL1,8.393088651
176870,5288382,LOVO,-2.718358817
176870,5288382,MDAMB436,16.84856589
176870,5288382,NCIH1650,15.16674413
176870,5288382,NCIH2122,14.00819815
176870,5288382,NCIH23,0.055246156
176870,5288382,NCIH460,19.6340789
176870,5288382,NCIH520,14.49662936
176870,5288382,OV90,-8.956888638
176870,5288382,RKO,2.174619274
176870,5288382,RPMI7951,-10.72328848
176870,5288382,SKMEL30,5.527399186
176870,5288382,SKMES1,22.27090141
176870,5288382,SKOV3,3.226150897
176870,5288382,SW620,-8.082114571
176870,5288382,SW837,4.350312444
176870,5288382,T47D,14.68821763
176870,5288382,UACC62,11.9198049
176870,5288382,VCAP,0.346307418
176870,5288382,ZR751,2.627795424
176870,104842,A2058,14.2345544
176870,104842,A2780,36.95459201
176870,104842,A375,33.42878416
176870,104842,CAOV3,20.80699628
176870,104842,DLD1,24.11482236
176870,104842,ES2,19.73224317
176870,104842,HCT116,35.52871201
176870,104842,HT144,11.95533838
176870,104842,HT29,33.40283823
176870,104842,KPL1,20.16679018
176870,104842,LOVO,17.72507981
176870,104842,MDAMB436,23.57565008
176870,104842,NCIH1650,4.944760743
176870,104842,NCIH2122,41.60026332
176870,104842,NCIH23,53.28600154
176870,104842,NCIH460,67.7815276
176870,104842,NCIH520,9.534577311
176870,104842,OV90,-17.32644536
176870,104842,RKO,23.1858689
176870,104842,RPMI7951,48.39241724
176870,104842,SKMEL30,14.15300232
176870,104842,SKMES1,27.93890797
176870,104842,SKOV3,21.17547988
176870,104842,SW620,18.90986456
176870,104842,SW837,44.01183222
176870,104842,T47D,11.12311855
176870,104842,UACC62,22.40289979
176870,104842,VCAP,42.30916661
176870,104842,ZR751,52.34467525
176870,216239,A2058,-1.656545425
176870,216239,A2780,2.978239816
176870,216239,A375,17.32043306
176870,216239,CAOV3,2.48056505
176870,216239,DLD1,12.72273885
176870,216239,ES2,2.577457098
176870,216239,HCT116,11.57064644
176870,216239,HT144,0.457942115
176870,216239,HT29,5.478138007
176870,216239,KPL1,4.649033043
176870,216239,LOVO,-2.257154012
176870,216239,MDAMB436,-0.138370486
176870,216239,NCIH1650,25.2103511
176870,216239,NCIH2122,6.21773487
176870,216239,NCIH23,3.924209761
176870,216239,NCIH460,15.32578595
176870,216239,NCIH520,17.26591297
176870,216239,OV90,2.071916185
176870,216239,RKO,16.82768188
176870,216239,RPMI7951,-6.121401576
176870,216239,SKMEL30,8.125797354
176870,216239,SKMES1,-4.668334827
176870,216239,SKOV3,7.979674111
176870,216239,SW620,1.727460308
176870,216239,SW837,6.273767885
176870,216239,T47D,0.960226925
176870,216239,UACC62,2.903669268
176870,216239,VCAP,13.09047278
176870,216239,ZR751,-3.034091706
176870,60700,A2058,20.65954665
176870,60700,A2780,24.97319688
176870,60700,A375,25.44025942
176870,60700,CAOV3,13.85971809
176870,60700,DLD1,18.31000314
176870,60700,ES2,26.16252976
176870,60700,HCT116,32.08496121
176870,60700,HT144,21.41281544
176870,60700,HT29,22.53932867
176870,60700,KPL1,27.57395354
176870,60700,LOVO,32.12638544
176870,60700,MDAMB436,18.18112793
176870,60700,NCIH1650,17.76980064
176870,60700,NCIH2122,37.08704855
176870,60700,NCIH23,29.76010548
176870,60700,NCIH460,33.09865807
176870,60700,NCIH520,31.44481537
176870,60700,OV90,15.64009684
176870,60700,RKO,49.30660489
176870,60700,RPMI7951,18.23841661
176870,60700,SKMEL30,33.82957414
176870,60700,SKMES1,25.71822543
176870,60700,SKOV3,15.86688743
176870,60700,SW620,23.34923593
176870,60700,SW837,41.81525129
176870,60700,T47D,-8.418283418
176870,60700,UACC62,23.24368022
176870,60700,VCAP,58.19345418
176870,60700,ZR751,52.94124794
36462,45480520,A2058,1.917221664
36462,45480520,A2780,14.68267605
36462,45480520,A375,1.313997243
36462,45480520,CAOV3,88.90313873
36462,45480520,DLD1,0.120941364
36462,45480520,ES2,-14.56628388
36462,45480520,HCT116,4.388067132
36462,45480520,HT144,0.551087205
36462,45480520,HT29,8.849832742
36462,45480520,KPL1,6.665522908
36462,45480520,LOVO,-6.133935958
36462,45480520,MDAMB436,19.64911645
36462,45480520,NCIH1650,2.965936251
36462,45480520,NCIH2122,14.82611338
36462,45480520,NCIH23,-3.119972444
36462,45480520,NCIH460,-4.320617073
36462,45480520,NCIH520,4.315067221
36462,45480520,OV90,-9.015840712
36462,45480520,RKO,7.512718983
36462,45480520,RPMI7951,-3.835318235
36462,45480520,SKMEL30,-4.583916575
36462,45480520,SKMES1,6.825822957
36462,45480520,SKOV3,10.96285395
36462,45480520,SW620,6.352315706
36462,45480520,SW837,0.181025447
36462,45480520,T47D,19.26227749
36462,45480520,UACC62,-6.40736852
36462,45480520,VCAP,13.83317407
36462,45480520,ZR751,23.68977919
36462,387447,A2058,-6.671434145
36462,387447,A2780,-1.471039843
36462,387447,A375,-9.828740982
36462,387447,CAOV3,54.31000908
36462,387447,DLD1,5.879209382
36462,387447,ES2,-38.16106574
36462,387447,HCT116,-8.868555969
36462,387447,HT144,2.165216764
36462,387447,HT29,-16.41332149
36462,387447,KPL1,10.85696912
36462,387447,LOVO,5.782023495
36462,387447,MDAMB436,7.037605402
36462,387447,NCIH1650,-9.014306492
36462,387447,NCIH2122,-11.99507083
36462,387447,NCIH23,-11.27577628
36462,387447,NCIH460,-8.824395786
36462,387447,NCIH520,-33.89563814
36462,387447,OV90,-20.56680342
36462,387447,RKO,-0.373258299
36462,387447,RPMI7951,-15.77053036
36462,387447,SKMEL30,-0.547561579
36462,387447,SKMES1,-21.79160617
36462,387447,SKOV3,-4.762213184
36462,387447,SW620,7.87371551
36462,387447,SW837,-14.57106296
36462,387447,T47D,-19.80398812
36462,387447,UACC62,-17.8222598
36462,387447,VCAP,-10.5712824
36462,387447,ZR751,26.75504326
36462,3062316,A2058,11.20512286
36462,3062316,A2780,66.56695223
36462,3062316,A375,33.1108059
36462,3062316,CAOV3,58.84842185
36462,3062316,DLD1,15.35793785
36462,3062316,ES2,-17.70072655
36462,3062316,HCT116,4.519576836
36462,3062316,HT144,-36.23824218
36462,3062316,HT29,24.34993899
36462,3062316,KPL1,26.27136634
36462,3062316,LOVO,60.79997037
36462,3062316,MDAMB436,25.68606382
36462,3062316,NCIH1650,50.30604813
36462,3062316,NCIH2122,-55.13805214
36462,3062316,NCIH23,-183.3295713
36462,3062316,NCIH460,40.12098513
36462,3062316,NCIH520,43.69840612
36462,3062316,OV90,1.782687867
36462,3062316,RKO,25.08988503
36462,3062316,RPMI7951,15.50291598
36462,3062316,SKMEL30,-32.47747331
36462,3062316,SKMES1,11.81229646
36462,3062316,SKOV3,5.279879917
36462,3062316,SW620,42.24770688
36462,3062316,SW837,40.76213756
36462,3062316,T47D,-19.09969407
36462,3062316,UACC62,3.717658181
36462,3062316,VCAP,9.609966839
36462,3062316,ZR751,5.129430967
36462,176870,A2058,1.988047409
36462,176870,A2780,19.61720698
36462,176870,A375,34.50823729
36462,176870,CAOV3,92.93746278
36462,176870,DLD1,14.71747986
36462,176870,ES2,18.11376615
36462,176870,HCT116,35.1756303
36462,176870,HT144,31.44622163
36462,176870,HT29,28.78939285
36462,176870,KPL1,21.82928608
36462,176870,LOVO,42.42601554
36462,176870,MDAMB436,30.44386811
36462,176870,NCIH1650,17.79526819
36462,176870,NCIH2122,47.47430247
36462,176870,NCIH23,-164.2668412
36462,176870,NCIH460,46.67308553
36462,176870,NCIH520,27.1848439
36462,176870,OV90,10.83586569
36462,176870,RKO,26.04444652
36462,176870,RPMI7951,-0.933022902
36462,176870,SKMEL30,19.96889488
36462,176870,SKMES1,23.310596
36462,176870,SKOV3,20.97161438
36462,176870,SW620,13.5792001
36462,176870,SW837,57.51358379
36462,176870,T47D,-9.409443094
36462,176870,UACC62,41.71895529
36462,176870,VCAP,41.85350576
36462,176870,ZR751,51.47375496
36462,5288382,A2058,31.06156665
36462,5288382,A2780,14.78833293
36462,5288382,A375,1.245363266
36462,5288382,CAOV3,71.48082401
36462,5288382,DLD1,4.735666145
36462,5288382,ES2,-0.955779851
36462,5288382,HCT116,-0.588757773
36462,5288382,HT144,13.82754853
36462,5288382,HT29,5.957125859
36462,5288382,KPL1,13.31586297
36462,5288382,LOVO,-10.67503159
36462,5288382,MDAMB436,23.95624073
36462,5288382,NCIH1650,17.24561619
36462,5288382,NCIH2122,-0.438111402
36462,5288382,NCIH23,-14.08747051
36462,5288382,NCIH460,2.825174224
36462,5288382,NCIH520,8.518963647
36462,5288382,OV90,3.322103849
36462,5288382,RKO,-0.090062769
36462,5288382,RPMI7951,-2.264074694
36462,5288382,SKMEL30,32.84665347
36462,5288382,SKMES1,-1.066153632
36462,5288382,SKOV3,9.726338418
36462,5288382,SW620,10.05653204
36462,5288382,SW837,17.12797168
36462,5288382,T47D,27.24545847
36462,5288382,UACC62,1.715244215
36462,5288382,VCAP,7.260033123
36462,5288382,ZR751,0.802980027
36462,208908,A2058,-0.860922372
36462,208908,A2780,27.29088399
36462,208908,A375,13.69023701
36462,208908,CAOV3,143.2917905
36462,208908,DLD1,40.61719458
36462,208908,ES2,-5.679573392
36462,208908,HCT116,27.63842614
36462,208908,HT144,12.75033962
36462,208908,HT29,15.97781704
36462,208908,KPL1,6.906464159
36462,208908,LOVO,50.4281854
36462,208908,MDAMB436,20.148526
36462,208908,NCIH1650,21.63106086
36462,208908,NCIH2122,31.30947607
36462,208908,NCIH23,-167.5463503
36462,208908,NCIH460,13.85044038
36462,208908,NCIH520,17.8898734
36462,208908,OV90,-14.60244237
36462,208908,RKO,4.090381354
36462,208908,RPMI7951,16.62443398
36462,208908,SKMEL30,5.946849144
36462,208908,SKMES1,17.65399073
36462,208908,SKOV3,19.13814953
36462,208908,SW620,17.83915302
36462,208908,SW837,43.76187067
36462,208908,T47D,-7.076746444
36462,208908,UACC62,7.809074178
36462,208908,VCAP,18.86209891
36462,208908,ZR751,42.94795226
36462,216239,A2058,-12.15503625
36462,216239,A2780,3.81510899
36462,216239,A375,-3.842677164
36462,216239,CAOV3,40.76840903
36462,216239,DLD1,8.137589783
36462,216239,ES2,-7.382916804
36462,216239,HCT116,-0.538565818
36462,216239,HT144,6.063599322
36462,216239,HT29,-5.500644869
36462,216239,KPL1,5.511474259
36462,216239,LOVO,-10.0797683
36462,216239,MDAMB436,-8.093217244
36462,216239,NCIH1650,2.791425994
36462,216239,NCIH2122,-0.787832957
36462,216239,NCIH23,-116.1653965
36462,216239,NCIH460,8.355261104
36462,216239,NCIH520,12.57460996
36462,216239,OV90,-8.086183338
36462,216239,RKO,-3.538439088
36462,216239,RPMI7951,-10.84972086
36462,216239,SKMEL30,7.485480052
36462,216239,SKMES1,-2.332092648
36462,216239,SKOV3,-3.41378037
36462,216239,SW620,0.892238474
36462,216239,SW837,10.08182525
36462,216239,T47D,-12.4278492
36462,216239,UACC62,-5.136866616
36462,216239,VCAP,-19.78803715
36462,216239,ZR751,-11.74689916
36462,5329102,A2058,-6.972169686
36462,5329102,A2780,6.150945576
36462,5329102,A375,2.434761094
36462,5329102,CAOV3,30.61709086
36462,5329102,DLD1,-4.736841754
36462,5329102,ES2,-9.658459101
36462,5329102,HCT116,0.266979697
36462,5329102,HT144,0.18972444
36462,5329102,HT29,1.317738221
36462,5329102,KPL1,17.60816922
36462,5329102,LOVO,4.569778444
36462,5329102,MDAMB436,1.102020905
36462,5329102,NCIH1650,16.77463607
36462,5329102,NCIH2122,2.433232373
36462,5329102,NCIH23,-98.62741446
36462,5329102,NCIH460,4.618952233
36462,5329102,NCIH520,13.71601881
36462,5329102,OV90,-2.408436932
36462,5329102,RKO,-3.789069544
36462,5329102,RPMI7951,-13.32447019
36462,5329102,SKMEL30,4.845466021
36462,5329102,SKMES1,-10.19342421
36462,5329102,SKOV3,2.359023959
36462,5329102,SW620,7.089516622
36462,5329102,SW837,-1.429826895
36462,5329102,T47D,-26.44624539
36462,5329102,UACC62,2.234167374
36462,5329102,VCAP,5.12367313
36462,5329102,ZR751,9.435809213
36462,5311,A2058,3.452239871
36462,5311,A2780,10.01482955
36462,5311,A375,-71.18505172
36462,5311,CAOV3,83.62883659
36462,5311,DLD1,7.501787113
36462,5311,ES2,11.28921117
36462,5311,HCT116,-17.37379223
36462,5311,HT144,11.89627363
36462,5311,HT29,18.65180381
36462,5311,KPL1,14.14203891
36462,5311,LOVO,10.27511559
36462,5311,MDAMB436,12.62377777
36462,5311,NCIH1650,3.523126581
36462,5311,NCIH2122,18.8089245
36462,5311,NCIH23,-2.473733052
36462,5311,NCIH460,8.053831765
36462,5311,NCIH520,2.432642491
36462,5311,OV90,6.873548755
36462,5311,RKO,6.440718774
36462,5311,RPMI7951,7.496751685
36462,5311,SKMEL30,1.739262354
36462,5311,SKMES1,17.93518639
36462,5311,SKOV3,29.64057569
36462,5311,SW620,0.182139046
36462,5311,SW837,21.63323076
36462,5311,T47D,25.24241347
36462,5311,UACC62,17.5604374
36462,5311,VCAP,17.67993739
36462,5311,ZR751,22.83573645
5288382,104842,A2058,19.01850638
5288382,104842,A2780,5.306231056
5288382,104842,A375,22.09706901
5288382,104842,CAOV3,10.41369152
5288382,104842,DLD1,15.65067775
5288382,104842,ES2,-3.700456762
5288382,104842,HCT116,13.69616651
5288382,104842,HT144,5.424321811
5288382,104842,HT29,-3.8519533
5288382,104842,KPL1,5.690982481
5288382,104842,LOVO,-18.13081596
5288382,104842,MDAMB436,9.807675678
5288382,104842,NCIH1650,5.076055012
5288382,104842,NCIH2122,0.995428448
5288382,104842,NCIH23,1.716218652
5288382,104842,NCIH460,11.22779886
5288382,104842,NCIH520,12.63781916
5288382,104842,OV90,-2.638315986
5288382,104842,RKO,11.62779139
5288382,104842,RPMI7951,-2.070346623
5288382,104842,SKMEL30,38.26844823
5288382,104842,SKMES1,17.6342613
5288382,104842,SKOV3,-12.02502079
5288382,104842,SW620,-1.370646685
5288382,104842,SW837,6.252908349
5288382,104842,T47D,10.77505243
5288382,104842,UACC62,-7.316655441
5288382,104842,VCAP,-0.826332506
5288382,104842,ZR751,-8.55058823
5288382,216239,A2058,8.806885228
5288382,216239,A2780,-8.927535094
5288382,216239,A375,5.258810479
5288382,216239,CAOV3,-4.477458483
5288382,216239,DLD1,13.51234592
5288382,216239,ES2,5.067439234
5288382,216239,HCT116,2.196986229
5288382,216239,HT144,-0.575324429
5288382,216239,HT29,-4.474906683
5288382,216239,KPL1,-4.067597152
5288382,216239,LOVO,-8.422196512
5288382,216239,MDAMB436,-17.59525207
5288382,216239,NCIH1650,-4.607045057
5288382,216239,NCIH2122,0.855386232
5288382,216239,NCIH23,-0.314813933
5288382,216239,NCIH460,-1.452244971
5288382,216239,NCIH520,4.281510848
5288382,216239,OV90,-5.189856146
5288382,216239,RKO,-4.608155422
5288382,216239,RPMI7951,-11.75896295
5288382,216239,SKMEL30,-1.793855383
5288382,216239,SKMES1,-13.59548446
5288382,216239,SKOV3,-3.190399936
5288382,216239,SW620,-10.96608563
5288382,216239,SW837,-5.25362457
5288382,216239,T47D,9.062147419
5288382,216239,UACC62,2.913484763
5288382,216239,VCAP,-13.33651052
5288382,216239,ZR751,-17.09555794
5288382,60700,A2058,22.38658565
5288382,60700,A2780,-1.700187674
5288382,60700,A375,-16.3920222
5288382,60700,CAOV3,-2.912022437
5288382,60700,DLD1,17.72230415
5288382,60700,ES2,9.202873592
5288382,60700,HCT116,-1.188891298
5288382,60700,HT144,-1.170588908
5288382,60700,HT29,-2.196506457
5288382,60700,KPL1,17.59901776
5288382,60700,LOVO,-5.569631965
5288382,60700,MDAMB436,-1.484816029
5288382,60700,NCIH1650,-15.30165422
5288382,60700,NCIH2122,-6.216653629
5288382,60700,NCIH23,-17.97647101
5288382,60700,NCIH460,-23.95784414
5288382,60700,NCIH520,12.7176527
5288382,60700,OV90,-8.437739934
5288382,60700,RKO,-10.70715216
5288382,60700,RPMI7951,-2.583781052
5288382,60700,SKMEL30,48.38401733
5288382,60700,SKMES1,-15.97279372
5288382,60700,SKOV3,-2.276912987
5288382,60700,SW620,18.55048928
5288382,60700,SW837,13.63947044
5288382,60700,T47D,7.920765601
5288382,60700,UACC62,-9.436397961
5288382,60700,VCAP,2.9614133
5288382,60700,ZR751,2.712490394
60750,45480520,A2058,-0.536733604
60750,45480520,A2780,-1.158432414
60750,45480520,A375,-20.51873205
60750,45480520,CAOV3,-0.216703976
60750,45480520,DLD1,-3.421109499
60750,45480520,ES2,-0.564153728
60750,45480520,HCT116,-4.890805492
60750,45480520,HT144,-1.461239905
60750,45480520,HT29,1.276290729
60750,45480520,KPL1,10.52272738
60750,45480520,LOVO,-2.376072567
60750,45480520,MDAMB436,2.963080361
60750,45480520,NCIH1650,-6.425878709
60750,45480520,NCIH2122,6.300912402
60750,45480520,NCIH23,-9.807276417
60750,45480520,NCIH460,8.90904955
60750,45480520,NCIH520,-2.98535085
60750,45480520,OV90,0.583425894
60750,45480520,RKO,-10.13746929
60750,45480520,RPMI7951,-12.18811971
60750,45480520,SKMEL30,-7.458066731
60750,45480520,SKMES1,-16.39024838
60750,45480520,SKOV3,0.975638933
60750,45480520,SW620,-1.423346093
60750,45480520,SW837,-2.332058966
60750,45480520,T47D,-2.733624055
60750,45480520,UACC62,-0.163878356
60750,45480520,VCAP,4.811906848
60750,45480520,ZR751,0.87534742
60750,387447,A2058,-3.118535426
60750,387447,A2780,-6.056907573
60750,387447,A375,-13.75187464
60750,387447,CAOV3,-0.582252417
60750,387447,DLD1,0.555753441
60750,387447,ES2,-6.321576469
60750,387447,HCT116,-9.596534235
60750,387447,HT144,8.520884415
60750,387447,HT29,-8.617802664
60750,387447,KPL1,-1.890656218
60750,387447,LOVO,-3.696604128
60750,387447,MDAMB436,1.240054481
60750,387447,NCIH1650,-22.11945406
60750,387447,NCIH2122,-12.22627785
60750,387447,NCIH23,-12.89049632
60750,387447,NCIH460,-21.30293841
60750,387447,NCIH520,-17.78788737
60750,387447,OV90,-4.79874852
60750,387447,RKO,-13.64787362
60750,387447,RPMI7951,-3.656967967
60750,387447,SKMEL30,0.10854072
60750,387447,SKMES1,-15.69506048
60750,387447,SKOV3,-15.06590493
60750,387447,SW620,-0.427805237
60750,387447,SW837,17.21895188
60750,387447,T47D,-12.46561222
60750,387447,UACC62,-10.83625909
60750,387447,VCAP,-4.349808115
60750,387447,ZR751,-5.297913712
60750,3062316,A2058,9.753310846
60750,3062316,A2780,18.22897106
60750,3062316,A375,-16.43549823
60750,3062316,CAOV3,-0.611366393
60750,3062316,DLD1,6.511783832
60750,3062316,ES2,22.16153127
60750,3062316,HCT116,8.711326879
60750,3062316,HT144,-12.10848568
60750,3062316,HT29,20.41730764
60750,3062316,KPL1,14.13644113
60750,3062316,LOVO,19.23224404
60750,3062316,MDAMB436,22.14643948
60750,3062316,NCIH1650,18.33271979
60750,3062316,NCIH2122,7.648343964
60750,3062316,NCIH23,-3.987010915
60750,3062316,NCIH460,34.89286379
60750,3062316,NCIH520,30.40318904
60750,3062316,OV90,11.76140596
60750,3062316,RKO,3.034633071
60750,3062316,RPMI7951,2.325281092
60750,3062316,SKMEL30,2.379888596
60750,3062316,SKMES1,-25.33111813
60750,3062316,SKOV3,1.274059324
60750,3062316,SW620,26.07092261
60750,3062316,SW837,32.83142452
60750,3062316,T47D,4.964453227
60750,3062316,UACC62,16.89744434
60750,3062316,VCAP,17.55480567
60750,3062316,ZR751,28.60504354
60750,176870,A2058,4.286517222
60750,176870,A2780,1.38365837
60750,176870,A375,-25.17442823
60750,176870,CAOV3,-2.073521793
60750,176870,DLD1,5.78234057
60750,176870,ES2,4.399586869
60750,176870,HCT116,-3.282395565
60750,176870,HT144,3.599385693
60750,176870,HT29,12.07411412
60750,176870,KPL1,10.28354203
60750,176870,LOVO,10.29169882
60750,176870,MDAMB436,11.18386679
60750,176870,NCIH1650,-7.320905584
60750,176870,NCIH2122,19.74541876
60750,176870,NCIH23,-7.201435891
60750,176870,NCIH460,15.03010139
60750,176870,NCIH520,5.958438868
60750,176870,OV90,6.207760732
60750,176870,RKO,-9.280482674
60750,176870,RPMI7951,-9.935912801
60750,176870,SKMEL30,8.441768514
60750,176870,SKMES1,-20.83934512
60750,176870,SKOV3,-10.02921699
60750,176870,SW620,1.601426731
60750,176870,SW837,30.39899769
60750,176870,T47D,-7.539089985
60750,176870,UACC62,11.48925951
60750,176870,VCAP,15.20328894
60750,176870,ZR751,37.48917942
60750,5288382,A2058,8.998417854
60750,5288382,A2780,-7.357334704
60750,5288382,A375,-22.40239349
60750,5288382,CAOV3,-1.585450672
60750,5288382,DLD1,3.964205978
60750,5288382,ES2,11.41370444
60750,5288382,HCT116,-25.4680307
60750,5288382,HT144,6.231062592
60750,5288382,HT29,-6.380498522
60750,5288382,KPL1,-4.756494229
60750,5288382,LOVO,-3.335360779
60750,5288382,MDAMB436,2.593792837
60750,5288382,NCIH1650,-9.208908867
60750,5288382,NCIH2122,-8.966982332
60750,5288382,NCIH23,-24.63521431
60750,5288382,NCIH460,-12.44264543
60750,5288382,NCIH520,-7.918928359
60750,5288382,OV90,-1.23971361
60750,5288382,RKO,-21.75967991
60750,5288382,RPMI7951,-2.66582224
60750,5288382,SKMEL30,19.2114345
60750,5288382,SKMES1,-28.47417839
60750,5288382,SKOV3,-17.12933004
60750,5288382,SW620,-6.746326838
60750,5288382,SW837,19.37013612
60750,5288382,T47D,-20.38756712
60750,5288382,UACC62,-8.50451202
60750,5288382,VCAP,7.470769975
60750,5288382,ZR751,-5.952587592
60750,208908,A2058,-0.102381746
60750,208908,A2780,2.113980112
60750,208908,A375,-33.99071414
60750,208908,CAOV3,-1.549455472
60750,208908,DLD1,6.279014621
60750,208908,ES2,-1.472393198
60750,208908,HCT116,-8.649058637
60750,208908,HT144,-4.602845567
60750,208908,HT29,9.88583468
60750,208908,KPL1,1.380723904
60750,208908,LOVO,6.353203799
60750,208908,MDAMB436,5.909631033
60750,208908,NCIH1650,-11.35362209
60750,208908,NCIH2122,12.55186826
60750,208908,NCIH23,-6.580298208
60750,208908,NCIH460,14.25550026
60750,208908,NCIH520,-5.060369967
60750,208908,OV90,5.008851986
60750,208908,RKO,-14.44743869
60750,208908,RPMI7951,-13.00521455
60750,208908,SKMEL30,0.27939977
60750,208908,SKMES1,-26.9290907
60750,208908,SKOV3,-7.767956137
60750,208908,SW620,-2.72336563
60750,208908,SW837,26.60538983
60750,208908,T47D,-1.186160316
60750,208908,UACC62,5.584013192
60750,208908,VCAP,9.710091887
60750,208908,ZR751,26.6270347
60750,216239,A2058,-15.01487906
60750,216239,A2780,-4.122040298
60750,216239,A375,-9.569470742
60750,216239,CAOV3,-2.155585694
60750,216239,DLD1,-0.585411063
60750,216239,ES2,-5.783337109
60750,216239,HCT116,-15.56851091
60750,216239,HT144,-1.643253355
60750,216239,HT29,-6.00766169
60750,216239,KPL1,-0.330983938
60750,216239,LOVO,-10.47691726
60750,216239,MDAMB436,-5.913654221
60750,216239,NCIH1650,-15.2752202
60750,216239,NCIH2122,-6.312209358
60750,216239,NCIH23,-13.32617529
60750,216239,NCIH460,-9.003345474
60750,216239,NCIH520,-7.916794422
60750,216239,OV90,-4.717325659
60750,216239,RKO,-14.62201961
60750,216239,RPMI7951,-9.014379299
60750,216239,SKMEL30,-5.29193947
60750,216239,SKMES1,-20.09649317
60750,216239,SKOV3,-10.27728917
60750,216239,SW620,-5.832301981
60750,216239,SW837,0.274292736
60750,216239,T47D,-11.98307103
60750,216239,UACC62,-6.680600519
60750,216239,VCAP,-12.9885297
60750,216239,ZR751,-3.931701463
60750,5329102,A2058,-2.477987643
60750,5329102,A2780,-0.249562704
60750,5329102,A375,-8.207621408
60750,5329102,CAOV3,0.213287109
60750,5329102,DLD1,-1.472377662
60750,5329102,ES2,2.899161373
60750,5329102,HCT116,-12.39222046
60750,5329102,HT144,1.736908256
60750,5329102,HT29,0.768577747
60750,5329102,KPL1,4.235395687
60750,5329102,LOVO,-4.24258743
60750,5329102,MDAMB436,4.186042124
60750,5329102,NCIH1650,1.627152238
60750,5329102,NCIH2122,1.583150597
60750,5329102,NCIH23,-8.306713763
60750,5329102,NCIH460,9.036465276
60750,5329102,NCIH520,-7.465748562
60750,5329102,OV90,0.037856123
60750,5329102,RKO,-10.73297334
60750,5329102,RPMI7951,-1.115542454
60750,5329102,SKMEL30,9.638251347
60750,5329102,SKMES1,-14.02290451
60750,5329102,SKOV3,-4.228908926
60750,5329102,SW620,-1.337534753
60750,5329102,SW837,1.354809879
60750,5329102,T47D,-10.59709445
60750,5329102,UACC62,5.268252502
60750,5329102,VCAP,-3.732798273
60750,5329102,ZR751,5.072180688
208908,45480520,A2058,7.032753472
208908,45480520,A2780,10.61314841
208908,45480520,A375,-6.035658691
208908,45480520,CAOV3,11.52020438
208908,45480520,DLD1,-3.251667929
208908,45480520,ES2,-7.943806987
208908,45480520,HCT116,-1.095866984
208908,45480520,HT144,-0.460428777
208908,45480520,HT29,7.880887909
208908,45480520,KPL1,8.195289793
208908,45480520,LOVO,15.54487629
208908,45480520,MDAMB436,4.541351056
208908,45480520,NCIH1650,-5.201896963
208908,45480520,NCIH2122,-4.884717761
208908,45480520,NCIH23,4.89959405
208908,45480520,NCIH460,-10.78556992
208908,45480520,NCIH520,-5.878398637
208908,45480520,OV90,-13.16172721
208908,45480520,RKO,-4.094263427
208908,45480520,RPMI7951,-10.37644078
208908,45480520,SKMEL30,-9.090825843
208908,45480520,SKMES1,-2.874003765
208908,45480520,SKOV3,0.91944035
208908,45480520,SW620,-9.000071112
208908,45480520,SW837,-8.342002168
208908,45480520,T47D,2.495023528
208908,45480520,UACC62,0.846035339
208908,45480520,VCAP,-10.66114851
208908,45480520,ZR751,7.759364905
208908,387447,A2058,14.51043817
208908,387447,A2780,-12.13421033
208908,387447,A375,39.59126666
208908,387447,CAOV3,-12.43898045
208908,387447,DLD1,28.23043223
208908,387447,ES2,21.17143461
208908,387447,HCT116,13.10318378
208908,387447,HT144,-3.60501032
208908,387447,HT29,-12.78628716
208908,387447,KPL1,8.943650463
208908,387447,LOVO,18.27788586
208908,387447,MDAMB436,-5.410437602
208908,387447,NCIH1650,-8.691837936
208908,387447,NCIH2122,7.93678324
208908,387447,NCIH23,0.803290901
208908,387447,NCIH460,25.68289027
208908,387447,NCIH520,-29.87570849
208908,387447,OV90,-7.71014063
208908,387447,RKO,20.10118152
208908,387447,RPMI7951,-6.286297355
208908,387447,SKMEL30,6.517021054
208908,387447,SKMES1,-10.95308482
208908,387447,SKOV3,21.39649925
208908,387447,SW620,17.70385132
208908,387447,SW837,17.02366383
208908,387447,T47D,-31.40365846
208908,387447,UACC62,-6.720768094
208908,387447,VCAP,12.09875294
208908,387447,ZR751,16.20883711
208908,3062316,A2058,53.53442452
208908,3062316,A2780,71.40143393
208908,3062316,A375,-13.9892057
208908,3062316,CAOV3,32.00802324
208908,3062316,DLD1,66.07178033
208908,3062316,ES2,-1.374290019
208908,3062316,HCT116,-31.34199924
208908,3062316,HT144,-39.72188641
208908,3062316,HT29,28.12888562
208908,3062316,KPL1,10.56485924
208908,3062316,LOVO,56.42162425
208908,3062316,MDAMB436,12.41488346
208908,3062316,NCIH1650,65.81115397
208908,3062316,NCIH2122,-29.73167278
208908,3062316,NCIH23,2.494787665
208908,3062316,NCIH460,-15.60596566
208908,3062316,NCIH520,33.93364817
208908,3062316,OV90,9.361981644
208908,3062316,RKO,5.484819184
208908,3062316,RPMI7951,22.39081299
208908,3062316,SKMEL30,2.165514207
208908,3062316,SKMES1,63.11185705
208908,3062316,SKOV3,58.86214748
208908,3062316,SW620,-1.563471377
208908,3062316,SW837,83.53453831
208908,3062316,T47D,31.24126538
208908,3062316,UACC62,2.348880982
208908,3062316,VCAP,15.68899177
208908,3062316,ZR751,-34.48491869
208908,176870,A2058,-1.774548906
208908,176870,A2780,-0.347064384
208908,176870,A375,-3.204359126
208908,176870,CAOV3,2.85495807
208908,176870,DLD1,19.98339094
208908,176870,ES2,-13.64427468
208908,176870,HCT116,10.30835309
208908,176870,HT144,-15.05091041
208908,176870,HT29,-2.205114705
208908,176870,KPL1,-24.76739823
208908,176870,LOVO,-4.665475423
208908,176870,MDAMB436,-16.1682116
208908,176870,NCIH1650,-7.657791181
208908,176870,NCIH2122,14.59747946
208908,176870,NCIH23,-11.44323053
208908,176870,NCIH460,-2.923749962
208908,176870,NCIH520,15.13860485
208908,176870,OV90,-12.99893615
208908,176870,RKO,-12.15049207
208908,176870,RPMI7951,-3.108947091
208908,176870,SKMEL30,-3.976502396
208908,176870,SKMES1,5.553666539
208908,176870,SKOV3,17.62170677
208908,176870,SW620,-16.44658521
208908,176870,SW837,2.413811525
208908,176870,T47D,-14.77734431
208908,176870,UACC62,10.59909239
208908,176870,VCAP,2.482818371
208908,176870,ZR751,5.755798996
208908,5288382,A2058,12.54747684
208908,5288382,A2780,-3.912435035
208908,5288382,A375,27.08658231
208908,5288382,CAOV3,35.02468846
208908,5288382,DLD1,47.57326123
208908,5288382,ES2,18.56868889
208908,5288382,HCT116,21.1635913
208908,5288382,HT144,20.26459264
208908,5288382,HT29,1.14920938
208908,5288382,KPL1,18.49164478
208908,5288382,LOVO,13.6084643
208908,5288382,MDAMB436,22.68989272
208908,5288382,NCIH1650,16.77677375
208908,5288382,NCIH2122,17.83769306
208908,5288382,NCIH23,-2.922766874
208908,5288382,NCIH460,26.78545932
208908,5288382,NCIH520,4.392297399
208908,5288382,OV90,-0.302756386
208908,5288382,RKO,13.58970064
208908,5288382,RPMI7951,-12.92158619
208908,5288382,SKMEL30,8.471224684
208908,5288382,SKMES1,29.11162784
208908,5288382,SKOV3,11.85091464
208908,5288382,SW620,-5.016191488
208908,5288382,SW837,21.71429178
208908,5288382,T47D,-31.4758658
208908,5288382,UACC62,14.61320663
208908,5288382,VCAP,21.86875611
208908,5288382,ZR751,-0.09687073
208908,104842,A2058,22.20324316
208908,104842,A2780,42.90929646
208908,104842,A375,26.18976309
208908,104842,CAOV3,31.47119412
208908,104842,DLD1,25.03004031
208908,104842,ES2,23.92402027
208908,104842,HCT116,32.23325702
208908,104842,HT144,13.5195435
208908,104842,HT29,21.36731975
208908,104842,KPL1,15.52294938
208908,104842,LOVO,25.47652962
208908,104842,MDAMB436,20.01337097
208908,104842,NCIH1650,17.09075768
208908,104842,NCIH2122,35.75040793
208908,104842,NCIH23,58.04697124
208908,104842,NCIH460,72.79578233
208908,104842,NCIH520,-7.039712068
208908,104842,OV90,-19.57182873
208908,104842,RKO,5.16595974
208908,104842,RPMI7951,54.41850359
208908,104842,SKMEL30,2.136392485
208908,104842,SKMES1,25.45579585
208908,104842,SKOV3,26.40867812
208908,104842,SW620,19.41322249
208908,104842,SW837,45.44353946
208908,104842,T47D,2.204959703
208908,104842,UACC62,13.84262526
208908,104842,VCAP,34.14797271
208908,104842,ZR751,36.74866746
208908,216239,A2058,18.29918785
208908,216239,A2780,5.648965786
208908,216239,A375,18.30433334
208908,216239,CAOV3,7.557313918
208908,216239,DLD1,28.18986262
208908,216239,ES2,15.18758245
208908,216239,HCT116,19.27616683
208908,216239,HT144,15.30155473
208908,216239,HT29,-4.305862699
208908,216239,KPL1,-0.528472307
208908,216239,LOVO,-1.253803208
208908,216239,MDAMB436,4.092002624
208908,216239,NCIH1650,19.42272631
208908,216239,NCIH2122,14.88485175
208908,216239,NCIH23,3.851215666
208908,216239,NCIH460,16.84378499
208908,216239,NCIH520,16.40421107
208908,216239,OV90,6.903924967
208908,216239,RKO,15.52747026
208908,216239,RPMI7951,4.438556526
208908,216239,SKMEL30,14.23829592
208908,216239,SKMES1,-2.188333748
208908,216239,SKOV3,26.96687272
208908,216239,SW620,11.83723475
208908,216239,SW837,17.13271954
208908,216239,T47D,1.859363415
208908,216239,UACC62,20.09940721
208908,216239,VCAP,11.76215603
208908,216239,ZR751,-10.00809262
208908,60700,A2058,22.04350758
208908,60700,A2780,10.49115893
208908,60700,A375,-1.765935212
208908,60700,CAOV3,5.676881419
208908,60700,DLD1,15.32468892
208908,60700,ES2,3.00824875
208908,60700,HCT116,-7.225650389
208908,60700,HT144,10.13137384
208908,60700,HT29,-12.56524254
208908,60700,KPL1,17.99434732
208908,60700,LOVO,26.61682989
208908,60700,MDAMB436,-0.994273666
208908,60700,NCIH1650,14.00437482
208908,60700,NCIH2122,20.96251393
208908,60700,NCIH23,23.14219149
208908,60700,NCIH460,5.064097298
208908,60700,NCIH520,-2.305857146
208908,60700,OV90,-12.15200977
208908,60700,RKO,15.9734853
208908,60700,RPMI7951,9.194464369
208908,60700,SKMEL30,5.9429963
208908,60700,SKMES1,12.21467857
208908,60700,SKOV3,-10.91761431
208908,60700,SW620,14.10049069
208908,60700,SW837,15.93731839
208908,60700,T47D,-5.738539865
208908,60700,UACC62,0.288549849
208908,60700,VCAP,17.90068116
208908,60700,ZR751,42.33789748
4091,45480520,A2058,8.236009194
4091,45480520,A2780,-0.383516642
4091,45480520,A375,-9.09284686
4091,45480520,CAOV3,1.586443191
4091,45480520,DLD1,-2.18121588
4091,45480520,ES2,-11.1880301
4091,45480520,HCT116,-0.455075086
4091,45480520,HT144,-7.006615078
4091,45480520,HT29,-2.851690445
4091,45480520,KPL1,-11.52682193
4091,45480520,LOVO,-5.391053691
4091,45480520,MDAMB436,1.04121199
4091,45480520,NCIH1650,-7.394707868
4091,45480520,NCIH2122,-5.356283129
4091,45480520,NCIH23,-3.198115412
4091,45480520,NCIH460,-3.316902804
4091,45480520,NCIH520,-2.912708287
4091,45480520,OV90,2.611047227
4091,45480520,RKO,-4.94638389
4091,45480520,RPMI7951,-10.68107062
4091,45480520,SKMEL30,-3.061546335
4091,45480520,SKMES1,5.505512069
4091,45480520,SKOV3,-1.536473725
4091,45480520,SW620,-3.009638086
4091,45480520,SW837,-24.12093675
4091,45480520,T47D,-24.07164482
4091,45480520,UACC62,-8.285234297
4091,45480520,VCAP,-11.9249777
4091,45480520,ZR751,-16.56767209
4091,387447,A2058,-20.46692309
4091,387447,A2780,-16.41071723
4091,387447,A375,9.495895501
4091,387447,CAOV3,-8.027102483
4091,387447,DLD1,7.188979235
4091,387447,ES2,2.022879161
4091,387447,HCT116,-3.264920089
4091,387447,HT144,-7.950118811
4091,387447,HT29,-18.44897928
4091,387447,KPL1,-31.53664838
4091,387447,LOVO,-3.955374776
4091,387447,MDAMB436,-4.641525683
4091,387447,NCIH1650,-31.13257721
4091,387447,NCIH2122,0.348993994
4091,387447,NCIH23,-7.733340214
4091,387447,NCIH460,-4.784684489
4091,387447,NCIH520,-17.21462959
4091,387447,OV90,-4.328188897
4091,387447,RKO,-19.69298483
4091,387447,RPMI7951,-6.232074096
4091,387447,SKMEL30,-8.589077393
4091,387447,SKMES1,-8.973387286
4091,387447,SKOV3,-14.75381792
4091,387447,SW620,-5.089268095
4091,387447,SW837,-4.479404653
4091,387447,T47D,-8.762215376
4091,387447,UACC62,-9.218056733
4091,387447,VCAP,-18.12776366
4091,387447,ZR751,-21.04432716
4091,3062316,A2058,17.03147015
4091,3062316,A2780,26.01895977
4091,3062316,A375,-5.260885506
4091,3062316,CAOV3,-0.673257562
4091,3062316,DLD1,5.904055325
4091,3062316,ES2,-8.047696111
4091,3062316,HCT116,-31.91073337
4091,3062316,HT144,-38.9127885
4091,3062316,HT29,9.301433065
4091,3062316,KPL1,7.524775618
4091,3062316,LOVO,22.8819116
4091,3062316,MDAMB436,20.70363382
4091,3062316,NCIH1650,19.54259234
4091,3062316,NCIH2122,-65.77770455
4091,3062316,NCIH23,-7.933967421
4091,3062316,NCIH460,2.949265696
4091,3062316,NCIH520,23.63362329
4091,3062316,OV90,-3.987900895
4091,3062316,RKO,7.501148204
4091,3062316,RPMI7951,5.268334177
4091,3062316,SKMEL30,-24.72586416
4091,3062316,SKMES1,-1.160666563
4091,3062316,SKOV3,-7.652046791
4091,3062316,SW620,9.523790233
4091,3062316,SW837,11.41692448
4091,3062316,T47D,13.13202974
4091,3062316,UACC62,-0.704147366
4091,3062316,VCAP,13.46281268
4091,3062316,ZR751,-11.34910278
4091,176870,A2058,4.938842497
4091,176870,A2780,0.697900831
4091,176870,A375,1.017497138
4091,176870,CAOV3,-11.10387958
4091,176870,DLD1,7.609557104
4091,176870,ES2,-7.611044372
4091,176870,HCT116,-1.254756126
4091,176870,HT144,-3.472860371
4091,176870,HT29,-2.76787743
4091,176870,KPL1,8.956602076
4091,176870,LOVO,2.917968387
4091,176870,MDAMB436,4.721766832
4091,176870,NCIH1650,-12.14055499
4091,176870,NCIH2122,1.367674062
4091,176870,NCIH23,-10.73994038
4091,176870,NCIH460,-4.398577101
4091,176870,NCIH520,-5.796278489
4091,176870,OV90,-9.942621259
4091,176870,RKO,-12.16139013
4091,176870,RPMI7951,0.312662978
4091,176870,SKMEL30,-6.196866448
4091,176870,SKMES1,5.509103778
4091,176870,SKOV3,2.5466599
4091,176870,SW620,-7.55506408
4091,176870,SW837,13.8755382
4091,176870,T47D,22.87497244
4091,176870,UACC62,10.33444619
4091,176870,VCAP,1.926978944
4091,176870,ZR751,11.20210466
4091,5288382,A2058,3.126791512
4091,5288382,A2780,-11.48486153
4091,5288382,A375,-3.00240968
4091,5288382,CAOV3,-13.89930511
4091,5288382,DLD1,0.442827316
4091,5288382,ES2,-14.91922498
4091,5288382,HCT116,-0.566734268
4091,5288382,HT144,-13.93989251
4091,5288382,HT29,-10.55194736
4091,5288382,KPL1,-12.12358589
4091,5288382,LOVO,-14.01295594
4091,5288382,MDAMB436,1.718893861
4091,5288382,NCIH1650,-8.876418764
4091,5288382,NCIH2122,-11.34394095
4091,5288382,NCIH23,-14.94304843
4091,5288382,NCIH460,-5.124719072
4091,5288382,NCIH520,-4.356456828
4091,5288382,OV90,-16.80050416
4091,5288382,RKO,-10.92224151
4091,5288382,RPMI7951,-18.33544803
4091,5288382,SKMEL30,-4.324910107
4091,5288382,SKMES1,8.01383094
4091,5288382,SKOV3,-15.06588144
4091,5288382,SW620,-12.73848547
4091,5288382,SW837,-13.00865844
4091,5288382,T47D,-8.033921487
4091,5288382,UACC62,-12.09323954
4091,5288382,VCAP,-15.40444384
4091,5288382,ZR751,-19.42750635
4091,208908,A2058,10.74328688
4091,208908,A2780,-2.174460877
4091,208908,A375,-5.629217862
4091,208908,CAOV3,7.24107989
4091,208908,DLD1,1.851012792
4091,208908,ES2,-8.444400298
4091,208908,HCT116,5.306410337
4091,208908,HT144,-2.1272973
4091,208908,HT29,0.487330136
4091,208908,KPL1,0.623824622
4091,208908,LOVO,11.41634361
4091,208908,MDAMB436,13.5379081
4091,208908,NCIH1650,-9.445499442
4091,208908,NCIH2122,2.381091758
4091,208908,NCIH23,-8.834417466
4091,208908,NCIH460,-7.018429352
4091,208908,NCIH520,-7.110797906
4091,208908,OV90,-13.89722716
4091,208908,RKO,-3.25865034
4091,208908,RPMI7951,4.747903743
4091,208908,SKMEL30,-4.166109685
4091,208908,SKMES1,0.077973965
4091,208908,SKOV3,0.088452863
4091,208908,SW620,-6.512916584
4091,208908,SW837,15.44890423
4091,208908,T47D,19.05652615
4091,208908,UACC62,6.513343449
4091,208908,VCAP,-4.993489262
4091,208908,ZR751,20.68556508
4091,216239,A2058,16.77560245
4091,216239,A2780,5.400143838
4091,216239,A375,13.368034
4091,216239,CAOV3,-2.978858743
4091,216239,DLD1,11.39668225
4091,216239,ES2,4.653439493
4091,216239,HCT116,9.915258776
4091,216239,HT144,8.470108495
4091,216239,HT29,1.843387247
4091,216239,KPL1,-1.787536289
4091,216239,LOVO,-3.263749395
4091,216239,MDAMB436,4.111716874
4091,216239,NCIH1650,4.55956473
4091,216239,NCIH2122,7.185975528
4091,216239,NCIH23,7.386728861
4091,216239,NCIH460,10.07034244
4091,216239,NCIH520,10.98804744
4091,216239,OV90,8.27952233
4091,216239,RKO,15.32760017
4091,216239,RPMI7951,3.981416599
4091,216239,SKMEL30,8.288801309
4091,216239,SKMES1,15.8297482
4091,216239,SKOV3,14.50827038
4091,216239,SW620,10.22598691
4091,216239,SW837,3.565509657
4091,216239,T47D,9.988871139
4091,216239,UACC62,8.633892086
4091,216239,VCAP,7.44702246
4091,216239,ZR751,-18.50403421
4091,5329102,A2058,7.388158405
4091,5329102,A2780,8.880945513
4091,5329102,A375,7.978172272
4091,5329102,CAOV3,1.676009134
4091,5329102,DLD1,5.519990981
4091,5329102,ES2,2.76662197
4091,5329102,HCT116,9.364537711
4091,5329102,HT144,-0.323460626
4091,5329102,HT29,5.933377893
4091,5329102,KPL1,8.879606005
4091,5329102,LOVO,1.199822329
4091,5329102,MDAMB436,4.417638022
4091,5329102,NCIH1650,5.722080744
4091,5329102,NCIH2122,3.972264382
4091,5329102,NCIH23,2.791097149
4091,5329102,NCIH460,-0.078163244
4091,5329102,NCIH520,11.18971251
4091,5329102,OV90,6.505214719
4091,5329102,RKO,8.650490033
4091,5329102,RPMI7951,-3.598395656
4091,5329102,SKMEL30,3.588776079
4091,5329102,SKMES1,6.073862943
4091,5329102,SKOV3,6.810232217
4091,5329102,SW620,2.934422192
4091,5329102,SW837,-7.606401486
4091,5329102,T47D,18.87622403
4091,5329102,UACC62,8.018641754
4091,5329102,VCAP,14.69403263
4091,5329102,ZR751,-9.124291476
4091,5311,A2058,6.478402999
4091,5311,A2780,7.43764152
4091,5311,A375,3.35260004
4091,5311,CAOV3,3.911608409
4091,5311,DLD1,7.151684775
4091,5311,ES2,-4.667402747
4091,5311,HCT116,0.077992096
4091,5311,HT144,-2.70673511
4091,5311,HT29,11.19666082
4091,5311,KPL1,2.983745371
4091,5311,LOVO,1.45626137
4091,5311,MDAMB436,5.055631233
4091,5311,NCIH1650,7.312360596
4091,5311,NCIH2122,5.546067575
4091,5311,NCIH23,-5.788244081
4091,5311,NCIH460,-4.584454212
4091,5311,NCIH520,2.992297992
4091,5311,OV90,3.060698
4091,5311,RKO,8.397471564
4091,5311,RPMI7951,5.136172152
4091,5311,SKMEL30,2.422808858
4091,5311,SKMES1,7.087994549
4091,5311,SKOV3,15.11047437
4091,5311,SW620,8.215289545
4091,5311,SW837,6.904532043
4091,5311,T47D,55.63110511
4091,5311,UACC62,-1.488001614
4091,5311,VCAP,22.24739726
4091,5311,ZR751,-17.72204566
126941,45480520,A2058,-20.92611544
126941,45480520,A2780,-4.219367541
126941,45480520,A375,-7.551223353
126941,45480520,CAOV3,-2.404475577
126941,45480520,DLD1,4.750502252
126941,45480520,ES2,4.635311674
126941,45480520,HCT116,-21.65183373
126941,45480520,HT144,-0.032445275
126941,45480520,HT29,1.448785423
126941,45480520,KPL1,-1.71327251
126941,45480520,LOVO,-15.09554516
126941,45480520,MDAMB436,1.354225445
126941,45480520,NCIH1650,-8.966644609
126941,45480520,NCIH2122,7.799980559
126941,45480520,NCIH23,-7.564126857
126941,45480520,NCIH460,-12.68037651
126941,45480520,NCIH520,-5.030737169
126941,45480520,OV90,-5.954565928
126941,45480520,RKO,-19.58169784
126941,45480520,RPMI7951,13.4134956
126941,45480520,SKMEL30,16.10103716
126941,45480520,SKMES1,0.302172248
126941,45480520,SKOV3,-0.401220452
126941,45480520,SW620,-7.447236875
126941,45480520,SW837,8.080889694
126941,45480520,T47D,-31.86794075
126941,45480520,UACC62,2.354665449
126941,45480520,VCAP,4.615002795
126941,45480520,ZR751,-12.04264842
126941,387447,A2058,-28.03309248
126941,387447,A2780,-16.77236772
126941,387447,A375,-16.89549853
126941,387447,CAOV3,-20.95464613
126941,387447,DLD1,-7.44436408
126941,387447,ES2,-29.02433517
126941,387447,HCT116,-22.5307353
126941,387447,HT144,-5.982494958
126941,387447,HT29,-16.27108996
126941,387447,KPL1,-16.57915115
126941,387447,LOVO,-0.275437649
126941,387447,MDAMB436,-5.513679445
126941,387447,NCIH1650,-28.29071378
126941,387447,NCIH2122,-21.51142905
126941,387447,NCIH23,-26.14593871
126941,387447,NCIH460,-27.71638468
126941,387447,NCIH520,-34.76633177
126941,387447,OV90,-3.102671676
126941,387447,RKO,-29.13647934
126941,387447,RPMI7951,-13.87181589
126941,387447,SKMEL30,-13.33685328
126941,387447,SKMES1,-13.25514519
126941,387447,SKOV3,-2.255752794
126941,387447,SW620,-11.8587952
126941,387447,SW837,-1.299961385
126941,387447,T47D,-34.99574126
126941,387447,UACC62,-18.47629284
126941,387447,VCAP,-17.65193314
126941,387447,ZR751,-39.87206359
126941,3062316,A2058,-9.892372863
126941,3062316,A2780,5.854287038
126941,3062316,A375,-11.07887222
126941,3062316,CAOV3,-9.673984038
126941,3062316,DLD1,-7.324625333
126941,3062316,ES2,14.4090108
126941,3062316,HCT116,-35.35244429
126941,3062316,HT144,-34.24175021
126941,3062316,HT29,-14.45011672
126941,3062316,KPL1,-4.338523753
126941,3062316,LOVO,10.30840849
126941,3062316,MDAMB436,-2.64840768
126941,3062316,NCIH1650,7.539665511
126941,3062316,NCIH2122,13.97280804
126941,3062316,NCIH23,-16.42572955
126941,3062316,NCIH460,-21.19265745
126941,3062316,NCIH520,-1.137888445
126941,3062316,OV90,-1.60676291
126941,3062316,RKO,-25.01685668
126941,3062316,RPMI7951,-24.52559262
126941,3062316,SKMEL30,-31.23841483
126941,3062316,SKMES1,-16.56254524
126941,3062316,SKOV3,-3.191177964
126941,3062316,SW620,-2.862696239
126941,3062316,SW837,1.395049995
126941,3062316,T47D,3.41924118
126941,3062316,UACC62,-9.38760589
126941,3062316,VCAP,9.709194998
126941,3062316,ZR751,-29.40917134
126941,176870,A2058,-7.975537017
126941,176870,A2780,-3.936097748
126941,176870,A375,22.87172523
126941,176870,CAOV3,-23.4980577
126941,176870,DLD1,-7.827784359
126941,176870,ES2,22.05903304
126941,176870,HCT116,-17.90981756
126941,176870,HT144,-2.545984609
126941,176870,HT29,-1.168374116
126941,176870,KPL1,1.825662423
126941,176870,LOVO,-1.960145554
126941,176870,MDAMB436,8.456631316
126941,176870,NCIH1650,-6.9036946
126941,176870,NCIH2122,-0.018158393
126941,176870,NCIH23,0.398054462
126941,176870,NCIH460,-16.12337613
126941,176870,NCIH520,-3.529676786
126941,176870,OV90,11.26981155
126941,176870,RKO,-7.194164284
126941,176870,RPMI7951,-1.02661099
126941,176870,SKMEL30,-0.557822297
126941,176870,SKMES1,-3.703172573
126941,176870,SKOV3,5.269008264
126941,176870,SW620,5.752543584
126941,176870,SW837,7.480763457
126941,176870,T47D,-16.00668607
126941,176870,UACC62,8.646605099
126941,176870,VCAP,10.67712152
126941,176870,ZR751,-8.751963613
126941,5288382,A2058,-44.18515593
126941,5288382,A2780,-21.07951982
126941,5288382,A375,-3.501608476
126941,5288382,CAOV3,-16.71346999
126941,5288382,DLD1,-5.338299708
126941,5288382,ES2,-2.760047439
126941,5288382,HCT116,-49.42810413
126941,5288382,HT144,-2.942101696
126941,5288382,HT29,-9.572354788
126941,5288382,KPL1,-29.90598895
126941,5288382,LOVO,-5.997125214
126941,5288382,MDAMB436,-11.29759903
126941,5288382,NCIH1650,-14.6184651
126941,5288382,NCIH2122,-17.64561035
126941,5288382,NCIH23,-33.84375306
126941,5288382,NCIH460,-39.70587496
126941,5288382,NCIH520,-16.32603476
126941,5288382,OV90,-2.629742435
126941,5288382,RKO,-29.27795159
126941,5288382,RPMI7951,-18.53390009
126941,5288382,SKMEL30,0.132545021
126941,5288382,SKMES1,-19.62939942
126941,5288382,SKOV3,-5.18929341
126941,5288382,SW620,-26.09948733
126941,5288382,SW837,-0.012863251
126941,5288382,T47D,-23.87788965
126941,5288382,UACC62,-21.02512717
126941,5288382,VCAP,-13.78559857
126941,5288382,ZR751,-26.00808283
126941,208908,A2058,-15.23182839
126941,208908,A2780,-3.609343196
126941,208908,A375,14.40611971
126941,208908,CAOV3,-18.76535928
126941,208908,DLD1,2.785575164
126941,208908,ES2,26.63035917
126941,208908,HCT116,-21.09596403
126941,208908,HT144,-1.24593198
126941,208908,HT29,-1.489594925
126941,208908,KPL1,-17.16519062
126941,208908,LOVO,4.158579974
126941,208908,MDAMB436,5.636321419
126941,208908,NCIH1650,-11.14740855
126941,208908,NCIH2122,-1.408852264
126941,208908,NCIH23,-10.46864132
126941,208908,NCIH460,-19.12905415
126941,208908,NCIH520,-16.52787565
126941,208908,OV90,8.784960032
126941,208908,RKO,-15.48116337
126941,208908,RPMI7951,9.590753363
126941,208908,SKMEL30,5.564708758
126941,208908,SKMES1,-2.422142893
126941,208908,SKOV3,0.578380975
126941,208908,SW620,5.021427679
126941,208908,SW837,2.550997488
126941,208908,T47D,-5.786565321
126941,208908,UACC62,10.20428231
126941,208908,VCAP,1.13462101
126941,208908,ZR751,-21.39017514
126941,216239,A2058,-10.32858962
126941,216239,A2780,-5.747281962
126941,216239,A375,-5.534227218
126941,216239,CAOV3,-15.37338251
126941,216239,DLD1,-1.530525847
126941,216239,ES2,-6.678892664
126941,216239,HCT116,-17.03053188
126941,216239,HT144,4.896145035
126941,216239,HT29,-6.530309933
126941,216239,KPL1,-12.80807153
126941,216239,LOVO,1.656346084
126941,216239,MDAMB436,-2.153992789
126941,216239,NCIH1650,-8.241902584
126941,216239,NCIH2122,-6.963778665
126941,216239,NCIH23,-8.880486582
126941,216239,NCIH460,-14.80451543
126941,216239,NCIH520,-9.42254569
126941,216239,OV90,-0.512053884
126941,216239,RKO,-10.97828721
126941,216239,RPMI7951,-9.910346407
126941,216239,SKMEL30,-20.92983857
126941,216239,SKMES1,-4.166770694
126941,216239,SKOV3,15.65484168
126941,216239,SW620,-5.248786244
126941,216239,SW837,-2.454895143
126941,216239,T47D,-13.62342347
126941,216239,UACC62,-6.095196056
126941,216239,VCAP,-10.78044433
126941,216239,ZR751,-13.77416668
126941,5329102,A2058,-14.35651076
126941,5329102,A2780,-8.914358743
126941,5329102,A375,-11.79662018
126941,5329102,CAOV3,-13.28428266
126941,5329102,DLD1,-10.3117504
126941,5329102,ES2,-1.977805269
126941,5329102,HCT116,-23.43372074
126941,5329102,HT144,-2.878296152
126941,5329102,HT29,-12.26749867
126941,5329102,KPL1,-12.60925887
126941,5329102,LOVO,-1.031290676
126941,5329102,MDAMB436,-9.348887504
126941,5329102,NCIH1650,-6.037105468
126941,5329102,NCIH2122,-7.990593409
126941,5329102,NCIH23,-17.93498954
126941,5329102,NCIH460,-15.25979172
126941,5329102,NCIH520,-15.6273466
126941,5329102,OV90,-7.623451233
126941,5329102,RKO,-17.71620688
126941,5329102,RPMI7951,-10.91508031
126941,5329102,SKMEL30,-14.39924506
126941,5329102,SKMES1,-21.39355787
126941,5329102,SKOV3,4.864874206
126941,5329102,SW620,-16.17773012
126941,5329102,SW837,-14.18103886
126941,5329102,T47D,-17.10641241
126941,5329102,UACC62,-8.134337499
126941,5329102,VCAP,-17.16750466
126941,5329102,ZR751,-15.34042034
126941,5311,A2058,-33.78337564
126941,5311,A2780,-21.12773956
126941,5311,A375,-28.85524056
126941,5311,CAOV3,-18.97072197
126941,5311,DLD1,-25.24351095
126941,5311,ES2,-17.13016436
126941,5311,HCT116,-33.73298708
126941,5311,HT144,-5.870905196
126941,5311,HT29,-16.48088156
126941,5311,KPL1,-30.80343959
126941,5311,LOVO,-3.45291067
126941,5311,MDAMB436,-6.679123546
126941,5311,NCIH1650,-12.66390756
126941,5311,NCIH2122,-12.58457879
126941,5311,NCIH23,-35.12694508
126941,5311,NCIH460,-36.43261617
126941,5311,NCIH520,-20.03847918
126941,5311,OV90,-11.592862
126941,5311,RKO,-29.98237798
126941,5311,RPMI7951,-23.32659111
126941,5311,SKMEL30,-18.86169717
126941,5311,SKMES1,-11.23492587
126941,5311,SKOV3,11.04602313
126941,5311,SW620,-17.78787278
126941,5311,SW837,-14.09013806
126941,5311,T47D,-27.68509706
126941,5311,UACC62,-10.55814534
126941,5311,VCAP,-32.04507675
126941,5311,ZR751,-21.45627912
36314,45480520,A2058,-4.810944876
36314,45480520,A2780,-4.338118873
36314,45480520,A375,13.0696271
36314,45480520,CAOV3,-6.067417576
36314,45480520,DLD1,5.649557187
36314,45480520,ES2,6.091516071
36314,45480520,HCT116,-9.203301532
36314,45480520,HT144,6.48639213
36314,45480520,HT29,-6.594579321
36314,45480520,KPL1,5.512541054
36314,45480520,LOVO,-2.10631869
36314,45480520,MDAMB436,12.42912312
36314,45480520,NCIH1650,-7.760612649
36314,45480520,NCIH2122,-171.0483071
36314,45480520,NCIH23,-10.74498217
36314,45480520,NCIH460,13.52971607
36314,45480520,NCIH520,-0.03081072
36314,45480520,OV90,-3.115402586
36314,45480520,RKO,-0.988275749
36314,45480520,RPMI7951,5.029900621
36314,45480520,SKMEL30,3.735931031
36314,45480520,SKMES1,19.40073317
36314,45480520,SKOV3,-0.505484128
36314,45480520,SW620,5.302858793
36314,45480520,SW837,-20.96178892
36314,45480520,T47D,-3.017011289
36314,45480520,UACC62,1.437644524
36314,45480520,VCAP,8.548917875
36314,45480520,ZR751,8.832691683
36314,387447,A2058,-19.12439888
36314,387447,A2780,-31.73348789
36314,387447,A375,-18.5657402
36314,387447,CAOV3,-22.40206064
36314,387447,DLD1,9.291890981
36314,387447,ES2,-30.35084289
36314,387447,HCT116,-18.23971369
36314,387447,HT144,-9.027209618
36314,387447,HT29,-44.45185179
36314,387447,KPL1,-10.13717282
36314,387447,LOVO,3.077142016
36314,387447,MDAMB436,-7.710543692
36314,387447,NCIH1650,-32.16598917
36314,387447,NCIH2122,-307.0262696
36314,387447,NCIH23,-20.10145532
36314,387447,NCIH460,-20.01722888
36314,387447,NCIH520,-41.85144862
36314,387447,OV90,-8.81549371
36314,387447,RKO,-13.90877605
36314,387447,RPMI7951,-10.50526892
36314,387447,SKMEL30,-3.429118054
36314,387447,SKMES1,-23.03106799
36314,387447,SKOV3,-6.7563489
36314,387447,SW620,0.69691585
36314,387447,SW837,-12.11169183
36314,387447,T47D,-21.07086289
36314,387447,UACC62,-18.64682683
36314,387447,VCAP,-28.49151811
36314,387447,ZR751,-13.71700451
36314,3062316,A2058,28.72586162
36314,3062316,A2780,56.06199471
36314,3062316,A375,39.52376322
36314,3062316,CAOV3,15.97673298
36314,3062316,DLD1,29.37726403
36314,3062316,ES2,29.61136337
36314,3062316,HCT116,9.399926563
36314,3062316,HT144,-1.905618141
36314,3062316,HT29,35.03273845
36314,3062316,KPL1,19.71262694
36314,3062316,LOVO,51.96863126
36314,3062316,MDAMB436,41.58936527
36314,3062316,NCIH1650,55.00265639
36314,3062316,NCIH2122,-50.43997571
36314,3062316,NCIH23,6.490523212
36314,3062316,NCIH460,33.77257613
36314,3062316,NCIH520,57.07361604
36314,3062316,OV90,37.63341951
36314,3062316,RKO,17.85513665
36314,3062316,RPMI7951,18.50645983
36314,3062316,SKMEL30,-10.42607125
36314,3062316,SKMES1,34.54764627
36314,3062316,SKOV3,39.52557668
36314,3062316,SW620,42.79281166
36314,3062316,SW837,26.46290586
36314,3062316,T47D,41.79292062
36314,3062316,UACC62,10.52375984
36314,3062316,VCAP,34.23515496
36314,3062316,ZR751,27.25068961
36314,176870,A2058,-12.62933099
36314,176870,A2780,-8.948449138
36314,176870,A375,67.02038632
36314,176870,CAOV3,10.10315663
36314,176870,DLD1,28.37009055
36314,176870,ES2,35.89332877
36314,176870,HCT116,-15.14194861
36314,176870,HT144,26.07666412
36314,176870,HT29,18.70320336
36314,176870,KPL1,9.914035179
36314,176870,LOVO,29.38236
36314,176870,MDAMB436,5.840803693
36314,176870,NCIH1650,6.727703731
36314,176870,NCIH2122,-7.334750387
36314,176870,NCIH23,-1.629292482
36314,176870,NCIH460,52.43475663
36314,176870,NCIH520,2.956833604
36314,176870,OV90,-5.520938909
36314,176870,RKO,-13.56300864
36314,176870,RPMI7951,-6.085516541
36314,176870,SKMEL30,12.07457154
36314,176870,SKMES1,36.3564748
36314,176870,SKOV3,16.5623493
36314,176870,SW620,-7.241218545
36314,176870,SW837,11.59348624
36314,176870,T47D,-31.32509433
36314,176870,UACC62,19.39687033
36314,176870,VCAP,11.37959046
36314,176870,ZR751,32.55295347
36314,5288382,A2058,-28.98889615
36314,5288382,A2780,-16.76370882
36314,5288382,A375,-4.069916607
36314,5288382,CAOV3,-23.56422588
36314,5288382,DLD1,-10.4897384
36314,5288382,ES2,16.96384618
36314,5288382,HCT116,-9.498712098
36314,5288382,HT144,7.992490048
36314,5288382,HT29,-18.23249281
36314,5288382,KPL1,-8.682290487
36314,5288382,LOVO,-17.56400238
36314,5288382,MDAMB436,19.78350746
36314,5288382,NCIH1650,-0.013939201
36314,5288382,NCIH2122,-326.4643042
36314,5288382,NCIH23,-20.03735849
36314,5288382,NCIH460,-12.75868365
36314,5288382,NCIH520,-16.9852671
36314,5288382,OV90,15.71124063
36314,5288382,RKO,6.688221822
36314,5288382,RPMI7951,-7.912570413
36314,5288382,SKMEL30,16.40438895
36314,5288382,SKMES1,0.698919583
36314,5288382,SKOV3,1.333649313
36314,5288382,SW620,0.966011515
36314,5288382,SW837,-17.96433357
36314,5288382,T47D,-11.69067445
36314,5288382,UACC62,3.398825481
36314,5288382,VCAP,-0.158711967
36314,5288382,ZR751,-7.610083737
36314,208908,A2058,-5.178457846
36314,208908,A2780,-11.4533481
36314,208908,A375,95.35478512
36314,208908,CAOV3,13.96254531
36314,208908,DLD1,64.55529078
36314,208908,ES2,76.10088097
36314,208908,HCT116,5.928606364
36314,208908,HT144,33.87573085
36314,208908,HT29,-0.579523872
36314,208908,KPL1,-2.47338708
36314,208908,LOVO,44.74681055
36314,208908,MDAMB436,14.24250563
36314,208908,NCIH1650,10.9450659
36314,208908,NCIH2122,-12.54725529
36314,208908,NCIH23,-0.194377333
36314,208908,NCIH460,52.14566803
36314,208908,NCIH520,-5.616165995
36314,208908,OV90,0.624083895
36314,208908,RKO,-10.5734886
36314,208908,RPMI7951,0.382840362
36314,208908,SKMEL30,17.28122428
36314,208908,SKMES1,59.76673021
36314,208908,SKOV3,29.82659642
36314,208908,SW620,1.409339065
36314,208908,SW837,26.10793787
36314,208908,T47D,-3.959009215
36314,208908,UACC62,26.62891512
36314,208908,VCAP,22.59679142
36314,208908,ZR751,26.77168479
36314,216239,A2058,-11.18553345
36314,216239,A2780,-1.215373725
36314,216239,A375,14.51915384
36314,216239,CAOV3,-13.79351993
36314,216239,DLD1,14.21873048
36314,216239,ES2,9.866678008
36314,216239,HCT116,-0.125241754
36314,216239,HT144,6.957730701
36314,216239,HT29,-6.702759281
36314,216239,KPL1,-1.523083637
36314,216239,LOVO,-12.21873278
36314,216239,MDAMB436,-9.152062261
36314,216239,NCIH1650,-8.008057183
36314,216239,NCIH2122,-14.28306701
36314,216239,NCIH23,-3.514150896
36314,216239,NCIH460,11.51145694
36314,216239,NCIH520,1.56704859
36314,216239,OV90,8.618172481
36314,216239,RKO,2.07024408
36314,216239,RPMI7951,-13.17209195
36314,216239,SKMEL30,4.573660133
36314,216239,SKMES1,5.251026249
36314,216239,SKOV3,2.705440318
36314,216239,SW620,4.06064445
36314,216239,SW837,-7.837523421
36314,216239,T47D,-17.73125391
36314,216239,UACC62,0.570078441
36314,216239,VCAP,-11.0541298
36314,216239,ZR751,-12.23574446
36314,5329102,A2058,-3.336690455
36314,5329102,A2780,0.100362766
36314,5329102,A375,21.99265283
36314,5329102,CAOV3,-1.408344128
36314,5329102,DLD1,9.635495501
36314,5329102,ES2,19.1201971
36314,5329102,HCT116,10.19711215
36314,5329102,HT144,11.32724195
36314,5329102,HT29,-2.908832841
36314,5329102,KPL1,11.88416187
36314,5329102,LOVO,0.443245293
36314,5329102,MDAMB436,0.036037464
36314,5329102,NCIH1650,-4.858320269
36314,5329102,NCIH2122,-11.4390014
36314,5329102,NCIH23,-6.732498919
36314,5329102,NCIH460,17.86461576
36314,5329102,NCIH520,3.115456463
36314,5329102,OV90,2.681755965
36314,5329102,RKO,-7.43037932
36314,5329102,RPMI7951,-17.9717732
36314,5329102,SKMEL30,5.02252484
36314,5329102,SKMES1,7.207670923
36314,5329102,SKOV3,9.753723462
36314,5329102,SW620,15.35238942
36314,5329102,SW837,-3.581952194
36314,5329102,T47D,-16.14600189
36314,5329102,UACC62,3.443339004
36314,5329102,VCAP,-5.041911901
36314,5329102,ZR751,7.182844936
36314,5311,A2058,-27.82104587
36314,5311,A2780,-15.24747276
36314,5311,A375,-9.336885288
36314,5311,CAOV3,-26.58155108
36314,5311,DLD1,7.656077847
36314,5311,ES2,6.451802537
36314,5311,HCT116,-17.24978046
36314,5311,HT144,17.65864952
36314,5311,HT29,27.03319022
36314,5311,KPL1,9.813737182
36314,5311,LOVO,10.37497465
36314,5311,MDAMB436,9.216788157
36314,5311,NCIH1650,-0.87057643
36314,5311,NCIH2122,-12.66965621
36314,5311,NCIH23,-25.86581958
36314,5311,NCIH460,0.60208476
36314,5311,NCIH520,8.118297172
36314,5311,OV90,1.122350536
36314,5311,RKO,6.764034146
36314,5311,RPMI7951,-2.126995455
36314,5311,SKMEL30,-0.860674872
36314,5311,SKMES1,5.180847633
36314,5311,SKOV3,23.01726729
36314,5311,SW620,-9.726495429
36314,5311,SW837,9.736762026
36314,5311,T47D,17.08450148
36314,5311,UACC62,0.336598429
36314,5311,VCAP,11.64708078
36314,5311,ZR751,-20.48547931
104842,216239,A2058,-6.348046617
104842,216239,A2780,4.804766526
104842,216239,A375,24.54493163
104842,216239,CAOV3,-12.59745128
104842,216239,DLD1,16.10409341
104842,216239,ES2,1.681009644
104842,216239,HCT116,9.697644686
104842,216239,HT144,12.04118184
104842,216239,HT29,-6.804718727
104842,216239,KPL1,4.772645835
104842,216239,LOVO,-5.286355419
104842,216239,MDAMB436,-5.486009226
104842,216239,NCIH1650,10.79908181
104842,216239,NCIH2122,3.593324788
104842,216239,NCIH23,13.98336303
104842,216239,NCIH460,26.15363311
104842,216239,NCIH520,9.919702843
104842,216239,OV90,-7.579079564
104842,216239,RKO,12.18356941
104842,216239,RPMI7951,2.732019767
104842,216239,SKMEL30,10.50454517
104842,216239,SKMES1,18.97658635
104842,216239,SKOV3,8.2776226
104842,216239,SW620,-1.277212057
104842,216239,SW837,1.562372268
104842,216239,T47D,-2.290388843
104842,216239,UACC62,1.249741104
104842,216239,VCAP,4.954586232
104842,216239,ZR751,-6.926959586
5329102,45480520,A2058,11.55758507
5329102,45480520,A2780,11.44960114
5329102,45480520,A375,11.52389286
5329102,45480520,CAOV3,13.55496947
5329102,45480520,DLD1,6.130905243
5329102,45480520,ES2,6.387708565
5329102,45480520,HCT116,14.57453055
5329102,45480520,HT144,1.151163132
5329102,45480520,HT29,11.58455981
5329102,45480520,KPL1,12.3077714
5329102,45480520,LOVO,3.756533031
5329102,45480520,MDAMB436,6.623783995
5329102,45480520,NCIH1650,3.479607824
5329102,45480520,NCIH2122,7.596111383
5329102,45480520,NCIH23,3.521040008
5329102,45480520,NCIH460,2.602893092
5329102,45480520,NCIH520,9.99592005
5329102,45480520,OV90,2.496069724
5329102,45480520,RKO,6.196822387
5329102,45480520,RPMI7951,4.893337814
5329102,45480520,SKMEL30,6.361187479
5329102,45480520,SKMES1,10.20990923
5329102,45480520,SKOV3,10.45135183
5329102,45480520,SW620,6.302000823
5329102,45480520,SW837,0.334334767
5329102,45480520,T47D,21.82066136
5329102,45480520,UACC62,13.78434213
5329102,45480520,VCAP,13.40274261
5329102,45480520,ZR751,-1.391696834
5329102,387447,A2058,-3.789201191
5329102,387447,A2780,-4.073962558
5329102,387447,A375,-1.288482842
5329102,387447,CAOV3,-10.75026614
5329102,387447,DLD1,2.923542536
5329102,387447,ES2,-1.246230639
5329102,387447,HCT116,-4.261502744
5329102,387447,HT144,-6.670205292
5329102,387447,HT29,-9.481369315
5329102,387447,KPL1,7.065640127
5329102,387447,LOVO,0.4992391
5329102,387447,MDAMB436,-3.056366193
5329102,387447,NCIH1650,-6.335197539
5329102,387447,NCIH2122,5.482016371
5329102,387447,NCIH23,-11.42714897
5329102,387447,NCIH460,0.426477303
5329102,387447,NCIH520,-21.27042427
5329102,387447,OV90,0.224651609
5329102,387447,RKO,-4.675703293
5329102,387447,RPMI7951,-11.23959783
5329102,387447,SKMEL30,-4.430028433
5329102,387447,SKMES1,-14.86661156
5329102,387447,SKOV3,-7.965745492
5329102,387447,SW620,-5.067798652
5329102,387447,SW837,-1.834328921
5329102,387447,T47D,1.442410221
5329102,387447,UACC62,-6.5817428
5329102,387447,VCAP,5.477571196
5329102,387447,ZR751,-23.3950552
5329102,3062316,A2058,41.58251285
5329102,3062316,A2780,40.04370628
5329102,3062316,A375,33.82410935
5329102,3062316,CAOV3,10.03191895
5329102,3062316,DLD1,29.71713087
5329102,3062316,ES2,24.69207415
5329102,3062316,HCT116,38.9382048
5329102,3062316,HT144,-5.942262492
5329102,3062316,HT29,41.16852468
5329102,3062316,KPL1,18.41860479
5329102,3062316,LOVO,23.54768121
5329102,3062316,MDAMB436,24.70735759
5329102,3062316,NCIH1650,26.83033164
5329102,3062316,NCIH2122,1.190703261
5329102,3062316,NCIH23,28.32645801
5329102,3062316,NCIH460,29.15348207
5329102,3062316,NCIH520,31.99993727
5329102,3062316,OV90,4.488035156
5329102,3062316,RKO,34.35606881
5329102,3062316,RPMI7951,7.438952036
5329102,3062316,SKMEL30,1.570333506
5329102,3062316,SKMES1,7.136936096
5329102,3062316,SKOV3,13.60723073
5329102,3062316,SW620,35.40155136
5329102,3062316,SW837,23.08920175
5329102,3062316,T47D,9.440672462
5329102,3062316,UACC62,26.17570936
5329102,3062316,VCAP,26.54232067
5329102,3062316,ZR751,11.44354811
5329102,176870,A2058,14.10147138
5329102,176870,A2780,10.11754804
5329102,176870,A375,18.50229521
5329102,176870,CAOV3,10.99519948
5329102,176870,DLD1,20.27346526
5329102,176870,ES2,14.96041528
5329102,176870,HCT116,11.55839392
5329102,176870,HT144,6.292750733
5329102,176870,HT29,14.96300961
5329102,176870,KPL1,12.06255291
5329102,176870,LOVO,16.80567643
5329102,176870,MDAMB436,8.608984003
5329102,176870,NCIH1650,19.75175563
5329102,176870,NCIH2122,21.39431817
5329102,176870,NCIH23,6.89550823
5329102,176870,NCIH460,6.750632999
5329102,176870,NCIH520,14.98784454
5329102,176870,OV90,10.17445049
5329102,176870,RKO,9.894551442
5329102,176870,RPMI7951,2.365494396
5329102,176870,SKMEL30,12.35401244
5329102,176870,SKMES1,22.52686829
5329102,176870,SKOV3,18.2895051
5329102,176870,SW620,2.030669724
5329102,176870,SW837,12.82314889
5329102,176870,T47D,24.14061823
5329102,176870,UACC62,21.73023418
5329102,176870,VCAP,19.28318544
5329102,176870,ZR751,13.46648924
5329102,5288382,A2058,7.89564412
5329102,5288382,A2780,2.369356438
5329102,5288382,A375,19.79244054
5329102,5288382,CAOV3,7.205898688
5329102,5288382,DLD1,21.65739918
5329102,5288382,ES2,5.618598962
5329102,5288382,HCT116,23.73238862
5329102,5288382,HT144,3.039093685
5329102,5288382,HT29,0.891617023
5329102,5288382,KPL1,-0.644970978
5329102,5288382,LOVO,6.834626773
5329102,5288382,MDAMB436,9.677886468
5329102,5288382,NCIH1650,8.240705045
5329102,5288382,NCIH2122,-0.293559651
5329102,5288382,NCIH23,-6.556924997
5329102,5288382,NCIH460,5.457797498
5329102,5288382,NCIH520,-2.529266953
5329102,5288382,OV90,-4.510424389
5329102,5288382,RKO,2.051148633
5329102,5288382,RPMI7951,-4.932645741
5329102,5288382,SKMEL30,2.922960185
5329102,5288382,SKMES1,6.227985279
5329102,5288382,SKOV3,0.933780754
5329102,5288382,SW620,-3.434700564
5329102,5288382,SW837,-5.613156432
5329102,5288382,T47D,24.2090514
5329102,5288382,UACC62,21.84465528
5329102,5288382,VCAP,14.33991751
5329102,5288382,ZR751,-15.70454178
5329102,208908,A2058,32.91888222
5329102,208908,A2780,17.79272072
5329102,208908,A375,20.50422706
5329102,208908,CAOV3,18.58990194
5329102,208908,DLD1,28.92888281
5329102,208908,ES2,12.99214476
5329102,208908,HCT116,21.41984894
5329102,208908,HT144,22.64869753
5329102,208908,HT29,15.29723726
5329102,208908,KPL1,14.68938282
5329102,208908,LOVO,22.24450212
5329102,208908,MDAMB436,6.608892881
5329102,208908,NCIH1650,26.40579566
5329102,208908,NCIH2122,26.21530343
5329102,208908,NCIH23,1.442376804
5329102,208908,NCIH460,0.111707009
5329102,208908,NCIH520,14.83637956
5329102,208908,OV90,1.971181005
5329102,208908,RKO,7.288583582
5329102,208908,RPMI7951,9.700246943
5329102,208908,SKMEL30,21.16736647
5329102,208908,SKMES1,20.30589915
5329102,208908,SKOV3,31.15298142
5329102,208908,SW620,5.151966316
5329102,208908,SW837,22.79718607
5329102,208908,T47D,15.23508619
5329102,208908,UACC62,27.85347166
5329102,208908,VCAP,24.3430227
5329102,208908,ZR751,18.85290195
5329102,104842,A2058,-5.573718765
5329102,104842,A2780,4.850148311
5329102,104842,A375,15.06742548
5329102,104842,CAOV3,-1.680760145
5329102,104842,DLD1,5.349673243
5329102,104842,ES2,10.17974375
5329102,104842,HCT116,7.095657545
5329102,104842,HT144,8.511313546
5329102,104842,HT29,-2.130163866
5329102,104842,KPL1,19.42153662
5329102,104842,LOVO,2.256047293
5329102,104842,MDAMB436,0.212082704
5329102,104842,NCIH1650,16.09036689
5329102,104842,NCIH2122,3.830129709
5329102,104842,NCIH23,7.344462391
5329102,104842,NCIH460,19.46790785
5329102,104842,NCIH520,2.300040785
5329102,104842,OV90,-6.557606175
5329102,104842,RKO,6.468281252
5329102,104842,RPMI7951,11.68257346
5329102,104842,SKMEL30,2.968063148
5329102,104842,SKMES1,18.58493221
5329102,104842,SKOV3,1.947029524
5329102,104842,SW620,-1.174906796
5329102,104842,SW837,1.195546324
5329102,104842,T47D,10.60433388
5329102,104842,UACC62,9.308699128
5329102,104842,VCAP,18.63320712
5329102,104842,ZR751,-14.27012356
5329102,216239,A2058,-4.861110278
5329102,216239,A2780,-3.44595291
5329102,216239,A375,4.204573345
5329102,216239,CAOV3,-6.608898434
5329102,216239,DLD1,1.455163475
5329102,216239,ES2,2.983737074
5329102,216239,HCT116,2.158840386
5329102,216239,HT144,1.86589458
5329102,216239,HT29,-3.393707479
5329102,216239,KPL1,-4.921306255
5329102,216239,LOVO,-5.681687192
5329102,216239,MDAMB436,-7.507104181
5329102,216239,NCIH1650,-1.202664846
5329102,216239,NCIH2122,-4.013638694
5329102,216239,NCIH23,-3.949715964
5329102,216239,NCIH460,-0.089599002
5329102,216239,NCIH520,-1.812117181
5329102,216239,OV90,1.162302366
5329102,216239,RKO,-3.788890106
5329102,216239,RPMI7951,-11.48395923
5329102,216239,SKMEL30,5.523143701
5329102,216239,SKMES1,-9.970090741
5329102,216239,SKOV3,-6.110633478
5329102,216239,SW620,-2.035418094
5329102,216239,SW837,-8.032003855
5329102,216239,T47D,6.154444469
5329102,216239,UACC62,3.854611654
5329102,216239,VCAP,-5.333325203
5329102,216239,ZR751,-8.202305525
5329102,60700,A2058,-7.878076211
5329102,60700,A2780,2.120867271
5329102,60700,A375,-9.162108
5329102,60700,CAOV3,2.271614328
5329102,60700,DLD1,-13.64395857
5329102,60700,ES2,-9.187216032
5329102,60700,HCT116,-1.089935583
5329102,60700,HT144,-6.779262802
5329102,60700,HT29,-17.94488035
5329102,60700,KPL1,16.23647354
5329102,60700,LOVO,-2.977936625
5329102,60700,MDAMB436,-6.770040716
5329102,60700,NCIH1650,9.334123213
5329102,60700,NCIH2122,1.283908254
5329102,60700,NCIH23,-12.06479848
5329102,60700,NCIH460,-0.447544343
5329102,60700,NCIH520,-0.932909457
5329102,60700,OV90,-14.40264226
5329102,60700,RKO,-2.247449962
5329102,60700,RPMI7951,-6.236702466
5329102,60700,SKMEL30,6.922829964
5329102,60700,SKMES1,-5.005911562
5329102,60700,SKOV3,-11.46861828
5329102,60700,SW620,5.236478763
5329102,60700,SW837,-5.680591548
5329102,60700,T47D,-23.30031907
5329102,60700,UACC62,-4.968162568
5329102,60700,VCAP,6.63853735
5329102,60700,ZR751,-0.270612368
60700,216239,A2058,-1.564872783
60700,216239,A2780,2.526502022
60700,216239,A375,0.778790034
60700,216239,CAOV3,0.937476577
60700,216239,DLD1,10.31131236
60700,216239,ES2,-1.603023666
60700,216239,HCT116,0.380811352
60700,216239,HT144,5.481139474
60700,216239,HT29,-12.21221116
60700,216239,KPL1,4.791813357
60700,216239,LOVO,-4.813212408
60700,216239,MDAMB436,-4.875300207
60700,216239,NCIH1650,-0.100587978
60700,216239,NCIH2122,0.320775059
60700,216239,NCIH23,-2.98627311
60700,216239,NCIH460,0.963147765
60700,216239,NCIH520,13.54885898
60700,216239,OV90,0.259897594
60700,216239,RKO,2.083250636
60700,216239,RPMI7951,-0.136591391
60700,216239,SKMEL30,3.410316369
60700,216239,SKMES1,9.200603554
60700,216239,SKOV3,-8.143919443
60700,216239,SW620,1.676853063
60700,216239,SW837,-7.730108831
60700,216239,T47D,-12.75363736
60700,216239,UACC62,6.953030341
60700,216239,VCAP,-5.749697079
60700,216239,ZR751,-15.7705134
6710780,45480520,A2058,-6.260305872
6710780,45480520,A2780,-33.01039272
6710780,45480520,A375,-33.66188078
6710780,45480520,CAOV3,-38.11192775
6710780,45480520,DLD1,-6.102604753
6710780,45480520,ES2,-12.72149447
6710780,45480520,HCT116,-16.55595588
6710780,45480520,HT144,-31.95203457
6710780,45480520,HT29,-44.09793187
6710780,45480520,KPL1,-7.624608024
6710780,45480520,LOVO,-31.81536286
6710780,45480520,MDAMB436,-21.32252366
6710780,45480520,NCIH1650,-29.0083885
6710780,45480520,NCIH2122,-21.16777445
6710780,45480520,NCIH23,-34.89296572
6710780,45480520,NCIH460,-15.35249881
6710780,45480520,NCIH520,-13.3486394
6710780,45480520,OV90,-19.15594557
6710780,45480520,RKO,-5.541467635
6710780,45480520,RPMI7951,-37.34478721
6710780,45480520,SKMEL30,-16.1673518
6710780,45480520,SKMES1,-0.485674371
6710780,45480520,SKOV3,-5.210869674
6710780,45480520,SW620,-5.712796582
6710780,45480520,SW837,-30.4198704
6710780,45480520,T47D,-19.7234483
6710780,45480520,UACC62,-28.21780099
6710780,45480520,VCAP,-14.55831433
6710780,45480520,ZR751,-50.84000559
6710780,387447,A2058,-10.55419165
6710780,387447,A2780,-37.13334543
6710780,387447,A375,-10.8968315
6710780,387447,CAOV3,-32.10671184
6710780,387447,DLD1,9.727242012
6710780,387447,ES2,16.9704289
6710780,387447,HCT116,-13.98222264
6710780,387447,HT144,-17.85957742
6710780,387447,HT29,-27.19240385
6710780,387447,KPL1,9.000147712
6710780,387447,LOVO,4.51197971
6710780,387447,MDAMB436,-11.25332847
6710780,387447,NCIH1650,-40.09623514
6710780,387447,NCIH2122,-38.162152
6710780,387447,NCIH23,-30.33070495
6710780,387447,NCIH460,-38.97671729
6710780,387447,NCIH520,-35.64042528
6710780,387447,OV90,-17.53033643
6710780,387447,RKO,-10.56821449
6710780,387447,RPMI7951,-21.52598832
6710780,387447,SKMEL30,-15.89976665
6710780,387447,SKMES1,-34.12471001
6710780,387447,SKOV3,-1.732884934
6710780,387447,SW620,15.12691776
6710780,387447,SW837,-9.30170878
6710780,387447,T47D,-32.24183569
6710780,387447,UACC62,-29.45041491
6710780,387447,VCAP,-14.05161279
6710780,387447,ZR751,-32.29125776
6710780,3062316,A2058,41.6650811
6710780,3062316,A2780,39.18536378
6710780,3062316,A375,-6.227297328
6710780,3062316,CAOV3,-6.819538466
6710780,3062316,DLD1,19.08949188
6710780,3062316,ES2,11.18416254
6710780,3062316,HCT116,-44.90357203
6710780,3062316,HT144,-39.59713445
6710780,3062316,HT29,-10.93278023
6710780,3062316,KPL1,5.306849088
6710780,3062316,LOVO,42.18423999
6710780,3062316,MDAMB436,-3.349819525
6710780,3062316,NCIH1650,33.55402048
6710780,3062316,NCIH2122,-99.66705551
6710780,3062316,NCIH23,-6.921767338
6710780,3062316,NCIH460,10.69446034
6710780,3062316,NCIH520,39.41310981
6710780,3062316,OV90,-0.434253542
6710780,3062316,RKO,-4.558272452
6710780,3062316,RPMI7951,8.222084008
6710780,3062316,SKMEL30,-34.9381396
6710780,3062316,SKMES1,-9.658091146
6710780,3062316,SKOV3,9.262139021
6710780,3062316,SW620,22.37840362
6710780,3062316,SW837,20.63883444
6710780,3062316,T47D,-40.10616085
6710780,3062316,UACC62,0.442708258
6710780,3062316,VCAP,10.67249367
6710780,3062316,ZR751,-49.88629454
6710780,176870,A2058,85.57939365
6710780,176870,A2780,9.926649194
6710780,176870,A375,45.22157703
6710780,176870,CAOV3,23.24715405
6710780,176870,DLD1,25.71654313
6710780,176870,ES2,58.79504997
6710780,176870,HCT116,71.50881052
6710780,176870,HT144,33.69883247
6710780,176870,HT29,49.68847538
6710780,176870,KPL1,44.65469026
6710780,176870,LOVO,42.3579718
6710780,176870,MDAMB436,15.69197353
6710780,176870,NCIH1650,9.610371745
6710780,176870,NCIH2122,39.33975616
6710780,176870,NCIH23,14.02364341
6710780,176870,NCIH460,55.54657753
6710780,176870,NCIH520,39.94346161
6710780,176870,OV90,19.70598176
6710780,176870,RKO,64.85230465
6710780,176870,RPMI7951,19.39465925
6710780,176870,SKMEL30,43.33310365
6710780,176870,SKMES1,28.62470543
6710780,176870,SKOV3,41.011108
6710780,176870,SW620,59.56206452
6710780,176870,SW837,54.25688552
6710780,176870,T47D,-14.05261606
6710780,176870,UACC62,32.31482524
6710780,176870,VCAP,114.6457311
6710780,176870,ZR751,40.44572347
6710780,5288382,A2058,-12.87229487
6710780,5288382,A2780,-18.22399153
6710780,5288382,A375,14.62997756
6710780,5288382,CAOV3,-30.65969489
6710780,5288382,DLD1,-16.16603371
6710780,5288382,ES2,0.419767505
6710780,5288382,HCT116,-16.39905805
6710780,5288382,HT144,-17.92428323
6710780,5288382,HT29,-35.70527713
6710780,5288382,KPL1,-14.93310888
6710780,5288382,LOVO,-28.62431489
6710780,5288382,MDAMB436,-3.673009117
6710780,5288382,NCIH1650,-26.43318161
6710780,5288382,NCIH2122,-41.98659526
6710780,5288382,NCIH23,-24.91058246
6710780,5288382,NCIH460,-29.03978051
6710780,5288382,NCIH520,-21.14714659
6710780,5288382,OV90,-24.72680222
6710780,5288382,RKO,-7.00195572
6710780,5288382,RPMI7951,-11.90252931
6710780,5288382,SKMEL30,-18.15600231
6710780,5288382,SKMES1,-23.27499983
6710780,5288382,SKOV3,-8.065646386
6710780,5288382,SW620,-3.809024947
6710780,5288382,SW837,-30.91373154
6710780,5288382,T47D,-16.3040975
6710780,5288382,UACC62,-77.82985735
6710780,5288382,VCAP,-5.97610342
6710780,5288382,ZR751,-21.41855019
6710780,208908,A2058,28.72204641
6710780,208908,A2780,-5.061144539
6710780,208908,A375,22.83658596
6710780,208908,CAOV3,-4.335261172
6710780,208908,DLD1,36.56317971
6710780,208908,ES2,18.9213898
6710780,208908,HCT116,4.381358879
6710780,208908,HT144,6.724143546
6710780,208908,HT29,-10.92119874
6710780,208908,KPL1,3.994325286
6710780,208908,LOVO,33.08985674
6710780,208908,MDAMB436,-15.41813187
6710780,208908,NCIH1650,-7.894081137
6710780,208908,NCIH2122,-24.98687907
6710780,208908,NCIH23,-10.5428104
6710780,208908,NCIH460,3.973012988
6710780,208908,NCIH520,-2.579725695
6710780,208908,OV90,-18.18239461
6710780,208908,RKO,-14.77233304
6710780,208908,RPMI7951,-9.670425864
6710780,208908,SKMEL30,-10.25160505
6710780,208908,SKMES1,5.48104165
6710780,208908,SKOV3,17.30961732
6710780,208908,SW620,5.966314596
6710780,208908,SW837,33.39639297
6710780,208908,T47D,-33.91977071
6710780,208908,UACC62,-0.767746624
6710780,208908,VCAP,15.20486157
6710780,208908,ZR751,-6.03486564
6710780,216239,A2058,25.4344919
6710780,216239,A2780,-1.005866696
6710780,216239,A375,15.47849733
6710780,216239,CAOV3,-9.920310859
6710780,216239,DLD1,20.98381052
6710780,216239,ES2,34.59434216
6710780,216239,HCT116,22.70004511
6710780,216239,HT144,17.87219181
6710780,216239,HT29,-2.261654984
6710780,216239,KPL1,11.78114339
6710780,216239,LOVO,0.95587232
6710780,216239,MDAMB436,-6.937559609
6710780,216239,NCIH1650,11.11385032
6710780,216239,NCIH2122,0.267567011
6710780,216239,NCIH23,1.141688488
6710780,216239,NCIH460,16.23493824
6710780,216239,NCIH520,4.067989395
6710780,216239,OV90,4.864193647
6710780,216239,RKO,29.17794342
6710780,216239,RPMI7951,-5.652835366
6710780,216239,SKMEL30,11.95274055
6710780,216239,SKMES1,18.11050333
6710780,216239,SKOV3,25.08227257
6710780,216239,SW620,35.17248524
6710780,216239,SW837,9.277670163
6710780,216239,T47D,-8.890072018
6710780,216239,UACC62,7.685265381
6710780,216239,VCAP,39.73514779
6710780,216239,ZR751,-4.222230431
6710780,5329102,A2058,1.691645593
6710780,5329102,A2780,-3.696362168
6710780,5329102,A375,1.133144836
6710780,5329102,CAOV3,-3.793368889
6710780,5329102,DLD1,8.680349493
6710780,5329102,ES2,16.65884433
6710780,5329102,HCT116,5.823105023
6710780,5329102,HT144,7.009757364
6710780,5329102,HT29,-11.52411698
6710780,5329102,KPL1,14.71383322
6710780,5329102,LOVO,-0.270805709
6710780,5329102,MDAMB436,-5.885634529
6710780,5329102,NCIH1650,7.611946731
6710780,5329102,NCIH2122,4.968532262
6710780,5329102,NCIH23,-18.86316063
6710780,5329102,NCIH460,-3.919378718
6710780,5329102,NCIH520,-0.010526166
6710780,5329102,OV90,0.049221346
6710780,5329102,RKO,-3.001569304
6710780,5329102,RPMI7951,-18.02883515
6710780,5329102,SKMEL30,-10.29952621
6710780,5329102,SKMES1,-9.699262448
6710780,5329102,SKOV3,4.819999561
6710780,5329102,SW620,25.16921451
6710780,5329102,SW837,-8.047742094
6710780,5329102,T47D,-18.93567274
6710780,5329102,UACC62,6.58920859
6710780,5329102,VCAP,6.344013992
6710780,5329102,ZR751,-11.21871505
6710780,5311,A2058,-21.518126
6710780,5311,A2780,-14.14086203
6710780,5311,A375,-31.31519734
6710780,5311,CAOV3,-37.1587722
6710780,5311,DLD1,-3.996709229
6710780,5311,ES2,5.605589033
6710780,5311,HCT116,-13.34366812
6710780,5311,HT144,2.203437311
6710780,5311,HT29,-3.148207356
6710780,5311,KPL1,20.39194354
6710780,5311,LOVO,4.47355371
6710780,5311,MDAMB436,-16.02021888
6710780,5311,NCIH1650,3.980082911
6710780,5311,NCIH2122,-20.15337746
6710780,5311,NCIH23,-38.57213393
6710780,5311,NCIH460,-18.94381502
6710780,5311,NCIH520,-0.696788621
6710780,5311,OV90,-7.337505143
6710780,5311,RKO,-3.191112997
6710780,5311,RPMI7951,-11.50761233
6710780,5311,SKMEL30,-28.53523545
6710780,5311,SKMES1,0.87424644
6710780,5311,SKOV3,24.42820826
6710780,5311,SW620,19.96812077
6710780,5311,SW837,12.8994721
6710780,5311,T47D,1.746119261
6710780,5311,UACC62,1.670019848
6710780,5311,VCAP,18.28194836
6710780,5311,ZR751,-40.78037564
5311497,45480520,A2058,-14.72948136
5311497,45480520,A2780,-13.93949131
5311497,45480520,A375,10.32188837
5311497,45480520,CAOV3,-34.17870763
5311497,45480520,DLD1,-1.221444002
5311497,45480520,ES2,14.9163075
5311497,45480520,HCT116,-10.42891778
5311497,45480520,HT144,-3.374578758
5311497,45480520,HT29,-21.08220023
5311497,45480520,KPL1,2.455041508
5311497,45480520,LOVO,-2.38539239
5311497,45480520,MDAMB436,9.673112991
5311497,45480520,NCIH1650,-10.63729132
5311497,45480520,NCIH2122,-11.45134565
5311497,45480520,NCIH23,-99.70601119
5311497,45480520,NCIH460,0.623141907
5311497,45480520,NCIH520,-10.23345184
5311497,45480520,OV90,21.73562619
5311497,45480520,RKO,-1.336451327
5311497,45480520,RPMI7951,-11.41582919
5311497,45480520,SKMEL30,10.57602911
5311497,45480520,SKMES1,19.40680488
5311497,45480520,SKOV3,6.328011777
5311497,45480520,SW620,-2.032071629
5311497,45480520,SW837,-22.60500538
5311497,45480520,T47D,-62.14153045
5311497,45480520,UACC62,-4.148839186
5311497,45480520,VCAP,-15.99404826
5311497,45480520,ZR751,-18.10633388
5311497,387447,A2058,-29.6509664
5311497,387447,A2780,-33.09195683
5311497,387447,A375,-9.598752946
5311497,387447,CAOV3,-42.79262801
5311497,387447,DLD1,0.047450389
5311497,387447,ES2,-28.59156521
5311497,387447,HCT116,-23.6526331
5311497,387447,HT144,-9.779495746
5311497,387447,HT29,-42.68826455
5311497,387447,KPL1,-0.482273404
5311497,387447,LOVO,-2.567892115
5311497,387447,MDAMB436,-3.679128732
5311497,387447,NCIH1650,-28.18792891
5311497,387447,NCIH2122,-57.52759998
5311497,387447,NCIH23,-257.759711
5311497,387447,NCIH460,-19.99638989
5311497,387447,NCIH520,-35.36046364
5311497,387447,OV90,4.999562104
5311497,387447,RKO,-19.38519443
5311497,387447,RPMI7951,-19.90547782
5311497,387447,SKMEL30,-4.440245489
5311497,387447,SKMES1,-24.46352917
5311497,387447,SKOV3,-22.2226484
5311497,387447,SW620,1.755604174
5311497,387447,SW837,-24.5002518
5311497,387447,T47D,-35.92059286
5311497,387447,UACC62,-25.41493952
5311497,387447,VCAP,-38.01516994
5311497,387447,ZR751,-36.74445526
5311497,3062316,A2058,0.844420989
5311497,3062316,A2780,40.08347788
5311497,3062316,A375,32.24296154
5311497,3062316,CAOV3,-14.9173314
5311497,3062316,DLD1,19.78442411
5311497,3062316,ES2,19.54889237
5311497,3062316,HCT116,-23.81764076
5311497,3062316,HT144,-35.84801821
5311497,3062316,HT29,-1.339533577
5311497,3062316,KPL1,21.99230904
5311497,3062316,LOVO,53.84310556
5311497,3062316,MDAMB436,16.20558377
5311497,3062316,NCIH1650,47.46346021
5311497,3062316,NCIH2122,-50.14297404
5311497,3062316,NCIH23,4.440150966
5311497,3062316,NCIH460,30.91293171
5311497,3062316,NCIH520,43.75611313
5311497,3062316,OV90,53.73242187
5311497,3062316,RKO,7.41464698
5311497,3062316,RPMI7951,10.28224841
5311497,3062316,SKMEL30,-14.38894625
5311497,3062316,SKMES1,10.21662274
5311497,3062316,SKOV3,25.0526887
5311497,3062316,SW620,31.29388992
5311497,3062316,SW837,20.89142917
5311497,3062316,T47D,45.21935482
5311497,3062316,UACC62,-15.86528262
5311497,3062316,VCAP,-10.3994299
5311497,3062316,ZR751,-15.54601539
5311497,176870,A2058,-13.18998542
5311497,176870,A2780,-7.818341321
5311497,176870,A375,52.30453418
5311497,176870,CAOV3,-23.50326318
5311497,176870,DLD1,42.25150563
5311497,176870,ES2,29.70881742
5311497,176870,HCT116,4.6933826
5311497,176870,HT144,23.93883862
5311497,176870,HT29,-13.10761589
5311497,176870,KPL1,-3.243215721
5311497,176870,LOVO,34.26409169
5311497,176870,MDAMB436,17.04938826
5311497,176870,NCIH1650,12.75659125
5311497,176870,NCIH2122,-4.85388605
5311497,176870,NCIH23,5.792306842
5311497,176870,NCIH460,34.54849981
5311497,176870,NCIH520,5.077460321
5311497,176870,OV90,52.54043322
5311497,176870,RKO,13.45139149
5311497,176870,RPMI7951,-11.82033785
5311497,176870,SKMEL30,23.04192946
5311497,176870,SKMES1,37.35065015
5311497,176870,SKOV3,34.85126701
5311497,176870,SW620,0.19005516
5311497,176870,SW837,37.38803088
5311497,176870,T47D,-12.29831992
5311497,176870,UACC62,33.63713202
5311497,176870,VCAP,17.37129323
5311497,176870,ZR751,31.46014941
5311497,5288382,A2058,-8.566032555
5311497,5288382,A2780,-21.02989869
5311497,5288382,A375,35.97263906
5311497,5288382,CAOV3,-30.3852445
5311497,5288382,DLD1,-21.19016355
5311497,5288382,ES2,-1.262762216
5311497,5288382,HCT116,-12.53972622
5311497,5288382,HT144,2.029179621
5311497,5288382,HT29,-27.8607575
5311497,5288382,KPL1,-11.34986421
5311497,5288382,LOVO,-15.41936663
5311497,5288382,MDAMB436,7.208111167
5311497,5288382,NCIH1650,-12.12292657
5311497,5288382,NCIH2122,-37.22831577
5311497,5288382,NCIH23,-277.8941379
5311497,5288382,NCIH460,-10.50222311
5311497,5288382,NCIH520,-18.72141057
5311497,5288382,OV90,19.10743192
5311497,5288382,RKO,-9.15232124
5311497,5288382,RPMI7951,-5.7887341
5311497,5288382,SKMEL30,4.735041522
5311497,5288382,SKMES1,-6.63249399
5311497,5288382,SKOV3,-17.37401835
5311497,5288382,SW620,-13.20939451
5311497,5288382,SW837,-17.55487522
5311497,5288382,T47D,-37.58848261
5311497,5288382,UACC62,-5.121442804
5311497,5288382,VCAP,-45.238919
5311497,5288382,ZR751,-13.43801841
5311497,208908,A2058,-16.50783592
5311497,208908,A2780,-9.752950617
5311497,208908,A375,55.47446162
5311497,208908,CAOV3,-20.90626385
5311497,208908,DLD1,38.46555703
5311497,208908,ES2,45.95639602
5311497,208908,HCT116,-14.41182799
5311497,208908,HT144,18.96848535
5311497,208908,HT29,-25.90104775
5311497,208908,KPL1,-4.802306101
5311497,208908,LOVO,44.24021216
5311497,208908,MDAMB436,3.168865985
5311497,208908,NCIH1650,6.745611419
5311497,208908,NCIH2122,-23.24493042
5311497,208908,NCIH23,0.58205272
5311497,208908,NCIH460,42.47381611
5311497,208908,NCIH520,-12.12266334
5311497,208908,OV90,36.20680413
5311497,208908,RKO,-5.780504933
5311497,208908,RPMI7951,-7.741392683
5311497,208908,SKMEL30,12.10045819
5311497,208908,SKMES1,38.5294507
5311497,208908,SKOV3,18.00417452
5311497,208908,SW620,-0.100550932
5311497,208908,SW837,20.92043564
5311497,208908,T47D,6.159652691
5311497,208908,UACC62,-13.51336409
5311497,208908,VCAP,-18.13521888
5311497,208908,ZR751,8.80080719
5311497,216239,A2058,-11.62252891
5311497,216239,A2780,-7.150894151
5311497,216239,A375,13.16403523
5311497,216239,CAOV3,-22.98306964
5311497,216239,DLD1,15.31402059
5311497,216239,ES2,5.489928633
5311497,216239,HCT116,-2.795269809
5311497,216239,HT144,6.383515012
5311497,216239,HT29,-15.19965939
5311497,216239,KPL1,1.91512409
5311497,216239,LOVO,-5.44181107
5311497,216239,MDAMB436,-16.43867393
5311497,216239,NCIH1650,-5.412664532
5311497,216239,NCIH2122,-20.42331708
5311497,216239,NCIH23,-9.276550055
5311497,216239,NCIH460,6.050213418
5311497,216239,NCIH520,-2.362092146
5311497,216239,OV90,19.76689982
5311497,216239,RKO,-2.716414762
5311497,216239,RPMI7951,-20.71270282
5311497,216239,SKMEL30,5.962699443
5311497,216239,SKMES1,0.592388836
5311497,216239,SKOV3,4.90752697
5311497,216239,SW620,0.509333164
5311497,216239,SW837,-0.729852312
5311497,216239,T47D,-5.832759401
5311497,216239,UACC62,-37.32485392
5311497,216239,VCAP,-21.14018405
5311497,216239,ZR751,-20.51243426
5311497,5329102,A2058,-13.16174107
5311497,5329102,A2780,-4.034886991
5311497,5329102,A375,11.05817772
5311497,5329102,CAOV3,-15.57139808
5311497,5329102,DLD1,15.29994779
5311497,5329102,ES2,8.892854504
5311497,5329102,HCT116,0.68612421
5311497,5329102,HT144,9.677691195
5311497,5329102,HT29,-20.32413561
5311497,5329102,KPL1,11.34124329
5311497,5329102,LOVO,2.604715446
5311497,5329102,MDAMB436,-3.484604919
5311497,5329102,NCIH1650,0.677630105
5311497,5329102,NCIH2122,-14.95378332
5311497,5329102,NCIH23,-6.657451472
5311497,5329102,NCIH460,6.714770817
5311497,5329102,NCIH520,4.204164423
5311497,5329102,OV90,13.69762087
5311497,5329102,RKO,-11.60615082
5311497,5329102,RPMI7951,-22.45454545
5311497,5329102,SKMEL30,4.69586309
5311497,5329102,SKMES1,2.820342646
5311497,5329102,SKOV3,1.514487645
5311497,5329102,SW620,13.81568826
5311497,5329102,SW837,-5.774803505
5311497,5329102,T47D,-14.37814881
5311497,5329102,UACC62,-10.71145822
5311497,5329102,VCAP,-16.79739198
5311497,5329102,ZR751,-11.84772549
5311497,5311,A2058,-40.10431441
5311497,5311,A2780,-27.52343257
5311497,5311,A375,-27.31844798
5311497,5311,CAOV3,-40.83691599
5311497,5311,DLD1,1.29415141
5311497,5311,ES2,5.583687945
5311497,5311,HCT116,-25.70139462
5311497,5311,HT144,-0.727033407
5311497,5311,HT29,-3.096168513
5311497,5311,KPL1,5.729054744
5311497,5311,LOVO,3.330779236
5311497,5311,MDAMB436,-8.024368861
5311497,5311,NCIH1650,4.105154549
5311497,5311,NCIH2122,-16.9331785
5311497,5311,NCIH23,-40.53933726
5311497,5311,NCIH460,-17.89887461
5311497,5311,NCIH520,0.476062814
5311497,5311,OV90,28.52452963
5311497,5311,RKO,-15.49178939
5311497,5311,RPMI7951,-12.14337574
5311497,5311,SKMEL30,-17.32848254
5311497,5311,SKMES1,5.465753947
5311497,5311,SKOV3,22.74174616
5311497,5311,SW620,-11.39460999
5311497,5311,SW837,-3.088421311
5311497,5311,T47D,-4.311401839
5311497,5311,UACC62,-13.941095
5311497,5311,VCAP,-14.693083
5311497,5311,ZR751,-14.37442145
5311,45480520,A2058,13.83826078
5311,45480520,A2780,12.90869069
5311,45480520,A375,1.160664774
5311,45480520,CAOV3,20.09472977
5311,45480520,DLD1,11.06433492
5311,45480520,ES2,7.893266935
5311,45480520,HCT116,2.814463898
5311,45480520,HT144,5.706615777
5311,45480520,HT29,9.098550914
5311,45480520,KPL1,1.844802417
5311,45480520,LOVO,1.601934317
5311,45480520,MDAMB436,9.563319659
5311,45480520,NCIH1650,-3.536353014
5311,45480520,NCIH2122,13.0880262
5311,45480520,NCIH23,1.384761141
5311,45480520,NCIH460,-0.987659904
5311,45480520,NCIH520,3.771629482
5311,45480520,OV90,4.514863562
5311,45480520,RKO,-0.819536397
5311,45480520,RPMI7951,11.3748888
5311,45480520,SKMEL30,-0.198842912
5311,45480520,SKMES1,11.58948151
5311,45480520,SKOV3,25.58852392
5311,45480520,SW620,1.573624972
5311,45480520,SW837,2.918783877
5311,45480520,T47D,7.25090663
5311,45480520,UACC62,8.136506422
5311,45480520,VCAP,27.32757725
5311,45480520,ZR751,1.71244427
5311,387447,A2058,7.830061831
5311,387447,A2780,-20.8774682
5311,387447,A375,6.131758098
5311,387447,CAOV3,-16.1556018
5311,387447,DLD1,7.746644788
5311,387447,ES2,4.183231201
5311,387447,HCT116,-3.824903086
5311,387447,HT144,4.11402289
5311,387447,HT29,-1.059995497
5311,387447,KPL1,4.859491618
5311,387447,LOVO,-0.472811029
5311,387447,MDAMB436,1.30344783
5311,387447,NCIH1650,-14.9686878
5311,387447,NCIH2122,6.177708677
5311,387447,NCIH23,-19.28257639
5311,387447,NCIH460,17.59064145
5311,387447,NCIH520,-18.64505918
5311,387447,OV90,4.948990965
5311,387447,RKO,13.5710496
5311,387447,RPMI7951,-1.188735
5311,387447,SKMEL30,-2.498125277
5311,387447,SKMES1,3.197576786
5311,387447,SKOV3,30.8835092
5311,387447,SW620,0.391651066
5311,387447,SW837,17.38090956
5311,387447,T47D,2.863953999
5311,387447,UACC62,-1.495836508
5311,387447,VCAP,18.00727343
5311,387447,ZR751,17.92058036
5311,3062316,A2058,48.60433162
5311,3062316,A2780,21.54568139
5311,3062316,A375,-11.30830162
5311,3062316,CAOV3,17.31135175
5311,3062316,DLD1,3.202765528
5311,3062316,ES2,20.54787611
5311,3062316,HCT116,1.914028342
5311,3062316,HT144,33.79447822
5311,3062316,HT29,4.388122197
5311,3062316,KPL1,20.38918996
5311,3062316,LOVO,12.48648607
5311,3062316,MDAMB436,6.952364503
5311,3062316,NCIH1650,30.89131084
5311,3062316,NCIH2122,-40.21973146
5311,3062316,NCIH23,-2.167924311
5311,3062316,NCIH460,15.42657195
5311,3062316,NCIH520,19.23541653
5311,3062316,OV90,8.03690044
5311,3062316,RKO,1.061039455
5311,3062316,RPMI7951,4.062050733
5311,3062316,SKMEL30,5.969783541
5311,3062316,SKMES1,-5.704437736
5311,3062316,SKOV3,-3.461029499
5311,3062316,SW620,18.39213721
5311,3062316,SW837,30.50129889
5311,3062316,T47D,11.80931182
5311,3062316,UACC62,21.55958887
5311,3062316,VCAP,24.08899164
5311,3062316,ZR751,3.778960024
5311,176870,A2058,2.55007741
5311,176870,A2780,9.934168928
5311,176870,A375,12.56217495
5311,176870,CAOV3,24.30742627
5311,176870,DLD1,7.359617611
5311,176870,ES2,21.62148211
5311,176870,HCT116,-0.628600535
5311,176870,HT144,12.38024411
5311,176870,HT29,7.925565271
5311,176870,KPL1,24.79061474
5311,176870,LOVO,16.20687435
5311,176870,MDAMB436,12.20064517
5311,176870,NCIH1650,1.280903423
5311,176870,NCIH2122,30.73178066
5311,176870,NCIH23,-17.01664381
5311,176870,NCIH460,0.206660553
5311,176870,NCIH520,10.93668411
5311,176870,OV90,12.96024681
5311,176870,RKO,17.00860478
5311,176870,RPMI7951,19.50666573
5311,176870,SKMEL30,1.431984218
5311,176870,SKMES1,22.03702347
5311,176870,SKOV3,14.22749779
5311,176870,SW620,-10.65550588
5311,176870,SW837,37.62920783
5311,176870,T47D,16.87793979
5311,176870,UACC62,23.81318192
5311,176870,VCAP,69.68689858
5311,176870,ZR751,28.46627239
5311,5288382,A2058,-6.835504808
5311,5288382,A2780,-22.46508824
5311,5288382,A375,-33.85550091
5311,5288382,CAOV3,4.558863112
5311,5288382,DLD1,3.140346795
5311,5288382,ES2,6.191317045
5311,5288382,HCT116,-15.94115582
5311,5288382,HT144,-23.88728481
5311,5288382,HT29,-3.157043827
5311,5288382,KPL1,0.482233924
5311,5288382,LOVO,-7.712031573
5311,5288382,MDAMB436,16.03504454
5311,5288382,NCIH1650,-18.86420507
5311,5288382,NCIH2122,-14.34758418
5311,5288382,NCIH23,-47.95872443
5311,5288382,NCIH460,-43.28710749
5311,5288382,NCIH520,-13.992675
5311,5288382,OV90,-5.855379145
5311,5288382,RKO,-12.00373634
5311,5288382,RPMI7951,-18.77077469
5311,5288382,SKMEL30,-10.25733493
5311,5288382,SKMES1,-28.6774809
5311,5288382,SKOV3,-3.746093736
5311,5288382,SW620,-35.29735533
5311,5288382,SW837,-9.904677004
5311,5288382,T47D,-1.006320257
5311,5288382,UACC62,-31.26054794
5311,5288382,VCAP,24.71210503
5311,5288382,ZR751,-22.21608303
5311,60750,A2058,-9.44646267
5311,60750,A2780,1.183939796
5311,60750,A375,-4.181895384
5311,60750,CAOV3,-10.2134141
5311,60750,DLD1,0.832787935
5311,60750,ES2,10.53873534
5311,60750,HCT116,-19.24983144
5311,60750,HT144,13.04985784
5311,60750,HT29,-5.005857868
5311,60750,KPL1,6.673792549
5311,60750,LOVO,0.137725023
5311,60750,MDAMB436,11.27310834
5311,60750,NCIH1650,-22.28575843
5311,60750,NCIH2122,5.541732746
5311,60750,NCIH23,1.707362319
5311,60750,NCIH460,-11.95518404
5311,60750,NCIH520,3.661882631
5311,60750,OV90,5.716927825
5311,60750,RKO,-11.46667309
5311,60750,RPMI7951,0.720334709
5311,60750,SKMEL30,4.169056732
5311,60750,SKMES1,-9.425993134
5311,60750,SKOV3,-4.165150808
5311,60750,SW620,-12.22349839
5311,60750,SW837,3.535706503
5311,60750,T47D,5.381354479
5311,60750,UACC62,-1.888858944
5311,60750,VCAP,0.867998221
5311,60750,ZR751,7.449397042
5311,208908,A2058,-11.55125653
5311,208908,A2780,6.379281213
5311,208908,A375,27.95733681
5311,208908,CAOV3,39.76915505
5311,208908,DLD1,19.6409434
5311,208908,ES2,9.477624505
5311,208908,HCT116,10.73807273
5311,208908,HT144,9.330080367
5311,208908,HT29,15.87021336
5311,208908,KPL1,7.501736091
5311,208908,LOVO,14.32521296
5311,208908,MDAMB436,4.840744583
5311,208908,NCIH1650,5.535368365
5311,208908,NCIH2122,12.84950969
5311,208908,NCIH23,-15.53314237
5311,208908,NCIH460,-2.133873724
5311,208908,NCIH520,-9.297446882
5311,208908,OV90,0.017055279
5311,208908,RKO,5.889257347
5311,208908,RPMI7951,1.7307765
5311,208908,SKMEL30,3.094697508
5311,208908,SKMES1,8.14247199
5311,208908,SKOV3,8.496389871
5311,208908,SW620,10.26525699
5311,208908,SW837,26.823305
5311,208908,T47D,-21.4936689
5311,208908,UACC62,30.91690633
5311,208908,VCAP,38.79002832
5311,208908,ZR751,5.075091111
5311,104842,A2058,-10.4587941
5311,104842,A2780,3.583034785
5311,104842,A375,17.80495332
5311,104842,CAOV3,-3.328120754
5311,104842,DLD1,2.449685228
5311,104842,ES2,7.169719348
5311,104842,HCT116,-5.840654221
5311,104842,HT144,8.325985233
5311,104842,HT29,7.195502926
5311,104842,KPL1,7.436244685
5311,104842,LOVO,-3.950777377
5311,104842,MDAMB436,-3.088087368
5311,104842,NCIH1650,4.565812418
5311,104842,NCIH2122,15.51980829
5311,104842,NCIH23,-14.83803037
5311,104842,NCIH460,6.39441756
5311,104842,NCIH520,-3.324421857
5311,104842,OV90,2.460079756
5311,104842,RKO,6.468145867
5311,104842,RPMI7951,8.615205411
5311,104842,SKMEL30,-3.417755393
5311,104842,SKMES1,16.25934896
5311,104842,SKOV3,10.69083638
5311,104842,SW620,-17.2115523
5311,104842,SW837,2.487673042
5311,104842,T47D,6.438809691
5311,104842,UACC62,4.702802475
5311,104842,VCAP,29.04666653
5311,104842,ZR751,0.49049816
5311,216239,A2058,-5.582687009
5311,216239,A2780,-8.574749698
5311,216239,A375,5.781097618
5311,216239,CAOV3,7.235262385
5311,216239,DLD1,2.687802267
5311,216239,ES2,-6.896772834
5311,216239,HCT116,0.575015134
5311,216239,HT144,-8.564026616
5311,216239,HT29,-10.42626297
5311,216239,KPL1,-5.159422536
5311,216239,LOVO,-18.07968202
5311,216239,MDAMB436,-3.807807713
5311,216239,NCIH1650,1.64119174
5311,216239,NCIH2122,-6.261779768
5311,216239,NCIH23,-13.92343731
5311,216239,NCIH460,3.897897333
5311,216239,NCIH520,-0.707777889
5311,216239,OV90,-0.279894014
5311,216239,RKO,5.17723835
5311,216239,RPMI7951,-14.2526387
5311,216239,SKMEL30,-0.886914749
5311,216239,SKMES1,1.620529841
5311,216239,SKOV3,-1.765825452
5311,216239,SW620,-13.26297526
5311,216239,SW837,-4.327009751
5311,216239,T47D,1.292860775
5311,216239,UACC62,-8.92980681
5311,216239,VCAP,-6.252657443
5311,216239,ZR751,-34.19167302
5311,5329102,A2058,-8.966085352
5311,5329102,A2780,-7.622511758
5311,5329102,A375,0.535493813
5311,5329102,CAOV3,1.278834628
5311,5329102,DLD1,4.803515424
5311,5329102,ES2,7.311601814
5311,5329102,HCT116,5.053965686
5311,5329102,HT144,-10.84233331
5311,5329102,HT29,-0.536953482
5311,5329102,KPL1,10.28900796
5311,5329102,LOVO,1.117749047
5311,5329102,MDAMB436,1.275926084
5311,5329102,NCIH1650,-6.88100755
5311,5329102,NCIH2122,1.404458307
5311,5329102,NCIH23,-16.71952386
5311,5329102,NCIH460,-1.204786513
5311,5329102,NCIH520,-4.280959085
5311,5329102,OV90,7.024292375
5311,5329102,RKO,-4.420136286
5311,5329102,RPMI7951,-11.93879823
5311,5329102,SKMEL30,-7.285718785
5311,5329102,SKMES1,-4.08567634
5311,5329102,SKOV3,-4.376951677
5311,5329102,SW620,-12.80503568
5311,5329102,SW837,-13.42316359
5311,5329102,T47D,28.43824494
5311,5329102,UACC62,-1.990677506
5311,5329102,VCAP,4.680162224
5311,5329102,ZR751,-10.47545237
5311,60700,A2058,0.788668149
5311,60700,A2780,0.245565715
5311,60700,A375,12.44467563
5311,60700,CAOV3,0.184994417
5311,60700,DLD1,3.942277372
5311,60700,ES2,8.421511658
5311,60700,HCT116,-6.478407822
5311,60700,HT144,9.121469737
5311,60700,HT29,5.611372388
5311,60700,KPL1,12.82860371
5311,60700,LOVO,7.674413562
5311,60700,MDAMB436,9.722255345
5311,60700,NCIH1650,-8.786850695
5311,60700,NCIH2122,22.95559562
5311,60700,NCIH23,-1.034920474
5311,60700,NCIH460,-10.91565088
5311,60700,NCIH520,12.22140413
5311,60700,OV90,15.22568084
5311,60700,RKO,0.178565488
5311,60700,RPMI7951,3.34457105
5311,60700,SKMEL30,-0.999305207
5311,60700,SKMES1,16.80744853
5311,60700,SKOV3,26.97432821
5311,60700,SW620,1.950611728
5311,60700,SW837,3.986551406
5311,60700,T47D,18.98510046
5311,60700,UACC62,10.22306639
5311,60700,VCAP,23.43854705
5311,60700,ZR751,12.22379109
